{
  "count": 1,
  "value": [
    {
      "id": 96,
      "rev": 1,
      "fields": {
        "System.AreaPath": "Server Migration",
        "System.TeamProject": "Server Migration",
        "System.IterationPath": "Server Migration",
        "System.WorkItemType": "Epic",
        "System.State": "New",
        "System.Reason": "New",
        "System.CreatedDate": "2021-11-10T10:17:29.98Z",
        "System.CreatedBy": "Sean O'Brien <Sean.O'Brien@clouddirect.net>",
        "System.ChangedDate": "2021-11-10T10:17:29.98Z",
        "System.ChangedBy": "Sean O'Brien <Sean.O'Brien@clouddirect.net>",
        "System.Title": "CAF Server Migration Project Plan",
        "Microsoft.VSTS.Scheduling.Effort": 0.0,
        "System.Description": "CAF Server Migration Project Plan",
        "System.AssignedTo": null,
        "Microsoft.VSTS.Scheduling.RemainingWork": 0.0,
        "Microsoft.VSTS.Common.Priority": 2.0,
        "System.BoardLane": null,
        "System.Tags": null,
        "Microsoft.VSTS.TCM.Steps": null,
        "Microsoft.VSTS.TCM.Parameters": null,
        "Microsoft.VSTS.TCM.LocalDataSource": null,
        "Microsoft.VSTS.TCM.AutomationStatus": null,
        "System.History": null
      },
      "relations": [
        {
          "rel": "System.LinkTypes.Hierarchy-Forward",
          "url": "https://dev.azure.com/SeanOBrien0625/_apis/wit/workItems/100",
          "attributes": {
            "isLocked": "false",
            "comment": "Making a new link for the dependency",
            "name": "Child"
          }
        },
        {
          "rel": "System.LinkTypes.Hierarchy-Forward",
          "url": "https://dev.azure.com/SeanOBrien0625/_apis/wit/workItems/99",
          "attributes": {
            "isLocked": "false",
            "comment": "Making a new link for the dependency",
            "name": "Child"
          }
        },
        {
          "rel": "System.LinkTypes.Hierarchy-Forward",
          "url": "https://dev.azure.com/SeanOBrien0625/_apis/wit/workItems/101",
          "attributes": {
            "isLocked": "false",
            "comment": "Making a new link for the dependency",
            "name": "Child"
          }
        },
        {
          "rel": "System.LinkTypes.Hierarchy-Forward",
          "url": "https://dev.azure.com/SeanOBrien0625/_apis/wit/workItems/97",
          "attributes": {
            "isLocked": "false",
            "comment": "Making a new link for the dependency",
            "name": "Child"
          }
        },
        {
          "rel": "System.LinkTypes.Hierarchy-Forward",
          "url": "https://dev.azure.com/SeanOBrien0625/_apis/wit/workItems/98",
          "attributes": {
            "isLocked": "false",
            "comment": "Making a new link for the dependency",
            "name": "Child"
          }
        }
      ],
      "url": "https://dev.azure.com/SeanOBrien0625/_apis/wit/workItems/96"
    }
  ],
  "HttpStatusCode": 0,
  "Message": null
}