{
  "count": 5,
  "value": [
    {
      "id": 97,
      "rev": 1,
      "fields": {
        "System.AreaPath": "Server Migration",
        "System.TeamProject": "Server Migration",
        "System.IterationPath": "Server Migration",
        "System.WorkItemType": "Feature",
        "System.State": "New",
        "System.Reason": "New",
        "System.CreatedDate": "2021-11-10T10:17:30.443Z",
        "System.CreatedBy": "Sean O'Brien <Sean.O'Brien@clouddirect.net>",
        "System.ChangedDate": "2021-11-10T10:17:30.443Z",
        "System.ChangedBy": "Sean O'Brien <Sean.O'Brien@clouddirect.net>",
        "System.Title": "05 STAKEHOLDER SIGN OFF AND CLOSURE",
        "Microsoft.VSTS.Scheduling.Effort": 0.0,
        "System.Description": "05 STAKEHOLDER SIGN OFF AND CLOSURE",
        "System.AssignedTo": null,
        "Microsoft.VSTS.Scheduling.RemainingWork": 0.0,
        "Microsoft.VSTS.Common.Priority": 2.0,
        "System.BoardLane": null,
        "System.Tags": null,
        "Microsoft.VSTS.TCM.Steps": null,
        "Microsoft.VSTS.TCM.Parameters": null,
        "Microsoft.VSTS.TCM.LocalDataSource": null,
        "Microsoft.VSTS.TCM.AutomationStatus": null,
        "System.History": null
      },
      "relations": [
        {
          "rel": "System.LinkTypes.Hierarchy-Forward",
          "url": "https://dev.azure.com/SeanOBrien0625/_apis/wit/workItems/160",
          "attributes": {
            "isLocked": "false",
            "comment": "Making a new link for the dependency",
            "name": "Child"
          }
        },
        {
          "rel": "System.LinkTypes.Hierarchy-Reverse",
          "url": "https://dev.azure.com/SeanOBrien0625/_apis/wit/workItems/96",
          "attributes": {
            "isLocked": "false",
            "comment": "Making a new link for the dependency",
            "name": "Parent"
          }
        }
      ],
      "url": "https://dev.azure.com/SeanOBrien0625/_apis/wit/workItems/97"
    },
    {
      "id": 98,
      "rev": 1,
      "fields": {
        "System.AreaPath": "Server Migration",
        "System.TeamProject": "Server Migration",
        "System.IterationPath": "Server Migration",
        "System.WorkItemType": "Feature",
        "System.State": "New",
        "System.Reason": "New",
        "System.CreatedDate": "2021-11-10T10:17:30.673Z",
        "System.CreatedBy": "Sean O'Brien <Sean.O'Brien@clouddirect.net>",
        "System.ChangedDate": "2021-11-10T10:17:30.673Z",
        "System.ChangedBy": "Sean O'Brien <Sean.O'Brien@clouddirect.net>",
        "System.Title": "04 CAF Migration Operation and Support",
        "Microsoft.VSTS.Scheduling.Effort": 0.0,
        "System.Description": "04 CAF Migration Operation and Support",
        "System.AssignedTo": null,
        "Microsoft.VSTS.Scheduling.RemainingWork": 0.0,
        "Microsoft.VSTS.Common.Priority": 2.0,
        "System.BoardLane": null,
        "System.Tags": null,
        "Microsoft.VSTS.TCM.Steps": null,
        "Microsoft.VSTS.TCM.Parameters": null,
        "Microsoft.VSTS.TCM.LocalDataSource": null,
        "Microsoft.VSTS.TCM.AutomationStatus": null,
        "System.History": null
      },
      "relations": [
        {
          "rel": "System.LinkTypes.Hierarchy-Reverse",
          "url": "https://dev.azure.com/SeanOBrien0625/_apis/wit/workItems/96",
          "attributes": {
            "isLocked": "false",
            "comment": "Making a new link for the dependency",
            "name": "Parent"
          }
        },
        {
          "rel": "System.LinkTypes.Hierarchy-Forward",
          "url": "https://dev.azure.com/SeanOBrien0625/_apis/wit/workItems/161",
          "attributes": {
            "isLocked": "false",
            "comment": "Making a new link for the dependency",
            "name": "Child"
          }
        },
        {
          "rel": "System.LinkTypes.Hierarchy-Forward",
          "url": "https://dev.azure.com/SeanOBrien0625/_apis/wit/workItems/162",
          "attributes": {
            "isLocked": "false",
            "comment": "Making a new link for the dependency",
            "name": "Child"
          }
        }
      ],
      "url": "https://dev.azure.com/SeanOBrien0625/_apis/wit/workItems/98"
    },
    {
      "id": 99,
      "rev": 1,
      "fields": {
        "System.AreaPath": "Server Migration",
        "System.TeamProject": "Server Migration",
        "System.IterationPath": "Server Migration",
        "System.WorkItemType": "Feature",
        "System.State": "New",
        "System.Reason": "New",
        "System.CreatedDate": "2021-11-10T10:17:30.96Z",
        "System.CreatedBy": "Sean O'Brien <Sean.O'Brien@clouddirect.net>",
        "System.ChangedDate": "2021-11-10T10:17:30.96Z",
        "System.ChangedBy": "Sean O'Brien <Sean.O'Brien@clouddirect.net>",
        "System.Title": "03 CAF Server Migration Govern and Security",
        "Microsoft.VSTS.Scheduling.Effort": 0.0,
        "System.Description": "03 CAF Server Migration Govern and Security",
        "System.AssignedTo": null,
        "Microsoft.VSTS.Scheduling.RemainingWork": 0.0,
        "Microsoft.VSTS.Common.Priority": 2.0,
        "System.BoardLane": null,
        "System.Tags": null,
        "Microsoft.VSTS.TCM.Steps": null,
        "Microsoft.VSTS.TCM.Parameters": null,
        "Microsoft.VSTS.TCM.LocalDataSource": null,
        "Microsoft.VSTS.TCM.AutomationStatus": null,
        "System.History": null
      },
      "relations": [
        {
          "rel": "System.LinkTypes.Hierarchy-Reverse",
          "url": "https://dev.azure.com/SeanOBrien0625/_apis/wit/workItems/96",
          "attributes": {
            "isLocked": "false",
            "comment": "Making a new link for the dependency",
            "name": "Parent"
          }
        },
        {
          "rel": "System.LinkTypes.Hierarchy-Forward",
          "url": "https://dev.azure.com/SeanOBrien0625/_apis/wit/workItems/164",
          "attributes": {
            "isLocked": "false",
            "comment": "Making a new link for the dependency",
            "name": "Child"
          }
        },
        {
          "rel": "System.LinkTypes.Hierarchy-Forward",
          "url": "https://dev.azure.com/SeanOBrien0625/_apis/wit/workItems/163",
          "attributes": {
            "isLocked": "false",
            "comment": "Making a new link for the dependency",
            "name": "Child"
          }
        }
      ],
      "url": "https://dev.azure.com/SeanOBrien0625/_apis/wit/workItems/99"
    },
    {
      "id": 100,
      "rev": 1,
      "fields": {
        "System.AreaPath": "Server Migration",
        "System.TeamProject": "Server Migration",
        "System.IterationPath": "Server Migration",
        "System.WorkItemType": "Feature",
        "System.State": "New",
        "System.Reason": "New",
        "System.CreatedDate": "2021-11-10T10:17:31.397Z",
        "System.CreatedBy": "Sean O'Brien <Sean.O'Brien@clouddirect.net>",
        "System.ChangedDate": "2021-11-10T10:17:31.397Z",
        "System.ChangedBy": "Sean O'Brien <Sean.O'Brien@clouddirect.net>",
        "System.Title": "02 CAF Server Pre-Config & Migration",
        "Microsoft.VSTS.Scheduling.Effort": 0.0,
        "System.Description": "02 CAF Server Pre-Config &amp; Migration",
        "System.AssignedTo": null,
        "Microsoft.VSTS.Scheduling.RemainingWork": 0.0,
        "Microsoft.VSTS.Common.Priority": 2.0,
        "System.BoardLane": null,
        "System.Tags": null,
        "Microsoft.VSTS.TCM.Steps": null,
        "Microsoft.VSTS.TCM.Parameters": null,
        "Microsoft.VSTS.TCM.LocalDataSource": null,
        "Microsoft.VSTS.TCM.AutomationStatus": null,
        "System.History": null
      },
      "relations": [
        {
          "rel": "System.LinkTypes.Hierarchy-Reverse",
          "url": "https://dev.azure.com/SeanOBrien0625/_apis/wit/workItems/96",
          "attributes": {
            "isLocked": "false",
            "comment": "Making a new link for the dependency",
            "name": "Parent"
          }
        },
        {
          "rel": "System.LinkTypes.Hierarchy-Forward",
          "url": "https://dev.azure.com/SeanOBrien0625/_apis/wit/workItems/169",
          "attributes": {
            "isLocked": "false",
            "comment": "Making a new link for the dependency",
            "name": "Child"
          }
        },
        {
          "rel": "System.LinkTypes.Hierarchy-Forward",
          "url": "https://dev.azure.com/SeanOBrien0625/_apis/wit/workItems/165",
          "attributes": {
            "isLocked": "false",
            "comment": "Making a new link for the dependency",
            "name": "Child"
          }
        },
        {
          "rel": "System.LinkTypes.Hierarchy-Forward",
          "url": "https://dev.azure.com/SeanOBrien0625/_apis/wit/workItems/168",
          "attributes": {
            "isLocked": "false",
            "comment": "Making a new link for the dependency",
            "name": "Child"
          }
        },
        {
          "rel": "System.LinkTypes.Hierarchy-Forward",
          "url": "https://dev.azure.com/SeanOBrien0625/_apis/wit/workItems/166",
          "attributes": {
            "isLocked": "false",
            "comment": "Making a new link for the dependency",
            "name": "Child"
          }
        },
        {
          "rel": "System.LinkTypes.Hierarchy-Forward",
          "url": "https://dev.azure.com/SeanOBrien0625/_apis/wit/workItems/167",
          "attributes": {
            "isLocked": "false",
            "comment": "Making a new link for the dependency",
            "name": "Child"
          }
        }
      ],
      "url": "https://dev.azure.com/SeanOBrien0625/_apis/wit/workItems/100"
    },
    {
      "id": 101,
      "rev": 1,
      "fields": {
        "System.AreaPath": "Server Migration",
        "System.TeamProject": "Server Migration",
        "System.IterationPath": "Server Migration",
        "System.WorkItemType": "Feature",
        "System.State": "New",
        "System.Reason": "New",
        "System.CreatedDate": "2021-11-10T10:17:31.643Z",
        "System.CreatedBy": "Sean O'Brien <Sean.O'Brien@clouddirect.net>",
        "System.ChangedDate": "2021-11-10T10:17:31.643Z",
        "System.ChangedBy": "Sean O'Brien <Sean.O'Brien@clouddirect.net>",
        "System.Title": "01 Plan, Assessment & Designing",
        "Microsoft.VSTS.Scheduling.Effort": 0.0,
        "System.Description": "01 Plan, Assessment &amp; Designing",
        "System.AssignedTo": null,
        "Microsoft.VSTS.Scheduling.RemainingWork": 0.0,
        "Microsoft.VSTS.Common.Priority": 2.0,
        "System.BoardLane": null,
        "System.Tags": null,
        "Microsoft.VSTS.TCM.Steps": null,
        "Microsoft.VSTS.TCM.Parameters": null,
        "Microsoft.VSTS.TCM.LocalDataSource": null,
        "Microsoft.VSTS.TCM.AutomationStatus": null,
        "System.History": null
      },
      "relations": [
        {
          "rel": "System.LinkTypes.Hierarchy-Forward",
          "url": "https://dev.azure.com/SeanOBrien0625/_apis/wit/workItems/172",
          "attributes": {
            "isLocked": "false",
            "comment": "Making a new link for the dependency",
            "name": "Child"
          }
        },
        {
          "rel": "System.LinkTypes.Hierarchy-Forward",
          "url": "https://dev.azure.com/SeanOBrien0625/_apis/wit/workItems/171",
          "attributes": {
            "isLocked": "false",
            "comment": "Making a new link for the dependency",
            "name": "Child"
          }
        },
        {
          "rel": "System.LinkTypes.Hierarchy-Forward",
          "url": "https://dev.azure.com/SeanOBrien0625/_apis/wit/workItems/170",
          "attributes": {
            "isLocked": "false",
            "comment": "Making a new link for the dependency",
            "name": "Child"
          }
        },
        {
          "rel": "System.LinkTypes.Hierarchy-Reverse",
          "url": "https://dev.azure.com/SeanOBrien0625/_apis/wit/workItems/96",
          "attributes": {
            "isLocked": "false",
            "comment": "Making a new link for the dependency",
            "name": "Parent"
          }
        }
      ],
      "url": "https://dev.azure.com/SeanOBrien0625/_apis/wit/workItems/101"
    }
  ],
  "HttpStatusCode": 0,
  "Message": null
}