{
  "count": 58,
  "value": [
    {
      "id": 102,
      "rev": 1,
      "fields": {
        "System.AreaPath": "Server Migration",
        "System.TeamProject": "Server Migration",
        "System.IterationPath": "Server Migration",
        "System.WorkItemType": "Task",
        "System.State": "New",
        "System.Reason": "New",
        "System.CreatedDate": "2021-11-10T10:17:31.887Z",
        "System.CreatedBy": "Sean O'Brien <Sean.O'Brien@clouddirect.net>",
        "System.ChangedDate": "2021-11-10T10:17:31.887Z",
        "System.ChangedBy": "Sean O'Brien <Sean.O'Brien@clouddirect.net>",
        "System.Title": "Sign off on Project delivery",
        "Microsoft.VSTS.Scheduling.Effort": 0.0,
        "System.Description": "Sign off on Project delivery",
        "System.AssignedTo": null,
        "Microsoft.VSTS.Scheduling.RemainingWork": 0.0,
        "Microsoft.VSTS.Common.Priority": 2.0,
        "System.BoardLane": null,
        "System.Tags": null,
        "Microsoft.VSTS.TCM.Steps": null,
        "Microsoft.VSTS.TCM.Parameters": null,
        "Microsoft.VSTS.TCM.LocalDataSource": null,
        "Microsoft.VSTS.TCM.AutomationStatus": null,
        "System.History": null
      },
      "relations": [
        {
          "rel": "System.LinkTypes.Hierarchy-Reverse",
          "url": "https://dev.azure.com/SeanOBrien0625/_apis/wit/workItems/160",
          "attributes": {
            "isLocked": "false",
            "comment": "Making a new link for the dependency",
            "name": "Parent"
          }
        }
      ],
      "url": "https://dev.azure.com/SeanOBrien0625/_apis/wit/workItems/102"
    },
    {
      "id": 103,
      "rev": 1,
      "fields": {
        "System.AreaPath": "Server Migration",
        "System.TeamProject": "Server Migration",
        "System.IterationPath": "Server Migration",
        "System.WorkItemType": "Task",
        "System.State": "New",
        "System.Reason": "New",
        "System.CreatedDate": "2021-11-10T10:17:32.247Z",
        "System.CreatedBy": "Sean O'Brien <Sean.O'Brien@clouddirect.net>",
        "System.ChangedDate": "2021-11-10T10:17:32.247Z",
        "System.ChangedBy": "Sean O'Brien <Sean.O'Brien@clouddirect.net>",
        "System.Title": "Lessons Learnt documentation, Troubleshooting Guide for future supporting",
        "Microsoft.VSTS.Scheduling.Effort": 0.0,
        "System.Description": "Lessons Learnt documentation, Troubleshooting Guide for future supporting",
        "System.AssignedTo": null,
        "Microsoft.VSTS.Scheduling.RemainingWork": 0.0,
        "Microsoft.VSTS.Common.Priority": 2.0,
        "System.BoardLane": null,
        "System.Tags": null,
        "Microsoft.VSTS.TCM.Steps": null,
        "Microsoft.VSTS.TCM.Parameters": null,
        "Microsoft.VSTS.TCM.LocalDataSource": null,
        "Microsoft.VSTS.TCM.AutomationStatus": null,
        "System.History": null
      },
      "relations": [
        {
          "rel": "System.LinkTypes.Hierarchy-Reverse",
          "url": "https://dev.azure.com/SeanOBrien0625/_apis/wit/workItems/160",
          "attributes": {
            "isLocked": "false",
            "comment": "Making a new link for the dependency",
            "name": "Parent"
          }
        }
      ],
      "url": "https://dev.azure.com/SeanOBrien0625/_apis/wit/workItems/103"
    },
    {
      "id": 104,
      "rev": 1,
      "fields": {
        "System.AreaPath": "Server Migration",
        "System.TeamProject": "Server Migration",
        "System.IterationPath": "Server Migration",
        "System.WorkItemType": "Task",
        "System.State": "New",
        "System.Reason": "New",
        "System.CreatedDate": "2021-11-10T10:17:32.82Z",
        "System.CreatedBy": "Sean O'Brien <Sean.O'Brien@clouddirect.net>",
        "System.ChangedDate": "2021-11-10T10:17:32.82Z",
        "System.ChangedBy": "Sean O'Brien <Sean.O'Brien@clouddirect.net>",
        "System.Title": "Server Migration Project documentation and Supported documents review",
        "Microsoft.VSTS.Scheduling.Effort": 0.0,
        "System.Description": "Server Migration Project documentation and Supported documents review",
        "System.AssignedTo": null,
        "Microsoft.VSTS.Scheduling.RemainingWork": 0.0,
        "Microsoft.VSTS.Common.Priority": 2.0,
        "System.BoardLane": null,
        "System.Tags": null,
        "Microsoft.VSTS.TCM.Steps": null,
        "Microsoft.VSTS.TCM.Parameters": null,
        "Microsoft.VSTS.TCM.LocalDataSource": null,
        "Microsoft.VSTS.TCM.AutomationStatus": null,
        "System.History": null
      },
      "relations": [
        {
          "rel": "System.LinkTypes.Hierarchy-Reverse",
          "url": "https://dev.azure.com/SeanOBrien0625/_apis/wit/workItems/160",
          "attributes": {
            "isLocked": "false",
            "comment": "Making a new link for the dependency",
            "name": "Parent"
          }
        }
      ],
      "url": "https://dev.azure.com/SeanOBrien0625/_apis/wit/workItems/104"
    },
    {
      "id": 105,
      "rev": 1,
      "fields": {
        "System.AreaPath": "Server Migration",
        "System.TeamProject": "Server Migration",
        "System.IterationPath": "Server Migration",
        "System.WorkItemType": "Task",
        "System.State": "New",
        "System.Reason": "New",
        "System.CreatedDate": "2021-11-10T10:17:33.99Z",
        "System.CreatedBy": "Sean O'Brien <Sean.O'Brien@clouddirect.net>",
        "System.ChangedDate": "2021-11-10T10:17:33.99Z",
        "System.ChangedBy": "Sean O'Brien <Sean.O'Brien@clouddirect.net>",
        "System.Title": "Server Migration Project review meeting",
        "Microsoft.VSTS.Scheduling.Effort": 0.0,
        "System.Description": "Server Migration Project review meeting",
        "System.AssignedTo": null,
        "Microsoft.VSTS.Scheduling.RemainingWork": 0.0,
        "Microsoft.VSTS.Common.Priority": 2.0,
        "System.BoardLane": null,
        "System.Tags": null,
        "Microsoft.VSTS.TCM.Steps": null,
        "Microsoft.VSTS.TCM.Parameters": null,
        "Microsoft.VSTS.TCM.LocalDataSource": null,
        "Microsoft.VSTS.TCM.AutomationStatus": null,
        "System.History": null
      },
      "relations": [
        {
          "rel": "System.LinkTypes.Hierarchy-Reverse",
          "url": "https://dev.azure.com/SeanOBrien0625/_apis/wit/workItems/160",
          "attributes": {
            "isLocked": "false",
            "comment": "Making a new link for the dependency",
            "name": "Parent"
          }
        }
      ],
      "url": "https://dev.azure.com/SeanOBrien0625/_apis/wit/workItems/105"
    },
    {
      "id": 106,
      "rev": 1,
      "fields": {
        "System.AreaPath": "Server Migration",
        "System.TeamProject": "Server Migration",
        "System.IterationPath": "Server Migration",
        "System.WorkItemType": "Task",
        "System.State": "New",
        "System.Reason": "New",
        "System.CreatedDate": "2021-11-10T10:17:34.767Z",
        "System.CreatedBy": "Sean O'Brien <Sean.O'Brien@clouddirect.net>",
        "System.ChangedDate": "2021-11-10T10:17:34.767Z",
        "System.ChangedBy": "Sean O'Brien <Sean.O'Brien@clouddirect.net>",
        "System.Title": "Documentation of monitoring and reporting process",
        "Microsoft.VSTS.Scheduling.Effort": 0.0,
        "System.Description": "Documentation of monitoring and reporting process",
        "System.AssignedTo": null,
        "Microsoft.VSTS.Scheduling.RemainingWork": 0.0,
        "Microsoft.VSTS.Common.Priority": 2.0,
        "System.BoardLane": null,
        "System.Tags": null,
        "Microsoft.VSTS.TCM.Steps": null,
        "Microsoft.VSTS.TCM.Parameters": null,
        "Microsoft.VSTS.TCM.LocalDataSource": null,
        "Microsoft.VSTS.TCM.AutomationStatus": null,
        "System.History": null
      },
      "relations": [
        {
          "rel": "System.LinkTypes.Hierarchy-Reverse",
          "url": "https://dev.azure.com/SeanOBrien0625/_apis/wit/workItems/161",
          "attributes": {
            "isLocked": "false",
            "comment": "Making a new link for the dependency",
            "name": "Parent"
          }
        }
      ],
      "url": "https://dev.azure.com/SeanOBrien0625/_apis/wit/workItems/106"
    },
    {
      "id": 107,
      "rev": 1,
      "fields": {
        "System.AreaPath": "Server Migration",
        "System.TeamProject": "Server Migration",
        "System.IterationPath": "Server Migration",
        "System.WorkItemType": "Task",
        "System.State": "New",
        "System.Reason": "New",
        "System.CreatedDate": "2021-11-10T10:17:35.53Z",
        "System.CreatedBy": "Sean O'Brien <Sean.O'Brien@clouddirect.net>",
        "System.ChangedDate": "2021-11-10T10:17:35.53Z",
        "System.ChangedBy": "Sean O'Brien <Sean.O'Brien@clouddirect.net>",
        "System.Title": "Automation of reporting and alerting configuration",
        "Microsoft.VSTS.Scheduling.Effort": 0.0,
        "System.Description": "Automation of reporting and alerting configuration",
        "System.AssignedTo": null,
        "Microsoft.VSTS.Scheduling.RemainingWork": 0.0,
        "Microsoft.VSTS.Common.Priority": 2.0,
        "System.BoardLane": null,
        "System.Tags": null,
        "Microsoft.VSTS.TCM.Steps": null,
        "Microsoft.VSTS.TCM.Parameters": null,
        "Microsoft.VSTS.TCM.LocalDataSource": null,
        "Microsoft.VSTS.TCM.AutomationStatus": null,
        "System.History": null
      },
      "relations": [
        {
          "rel": "System.LinkTypes.Hierarchy-Reverse",
          "url": "https://dev.azure.com/SeanOBrien0625/_apis/wit/workItems/161",
          "attributes": {
            "isLocked": "false",
            "comment": "Making a new link for the dependency",
            "name": "Parent"
          }
        }
      ],
      "url": "https://dev.azure.com/SeanOBrien0625/_apis/wit/workItems/107"
    },
    {
      "id": 108,
      "rev": 1,
      "fields": {
        "System.AreaPath": "Server Migration",
        "System.TeamProject": "Server Migration",
        "System.IterationPath": "Server Migration",
        "System.WorkItemType": "Task",
        "System.State": "New",
        "System.Reason": "New",
        "System.CreatedDate": "2021-11-10T10:17:35.777Z",
        "System.CreatedBy": "Sean O'Brien <Sean.O'Brien@clouddirect.net>",
        "System.ChangedDate": "2021-11-10T10:17:35.777Z",
        "System.ChangedBy": "Sean O'Brien <Sean.O'Brien@clouddirect.net>",
        "System.Title": "Configure Report Building",
        "Microsoft.VSTS.Scheduling.Effort": 0.0,
        "System.Description": "Configure Report Building",
        "System.AssignedTo": null,
        "Microsoft.VSTS.Scheduling.RemainingWork": 0.0,
        "Microsoft.VSTS.Common.Priority": 2.0,
        "System.BoardLane": null,
        "System.Tags": null,
        "Microsoft.VSTS.TCM.Steps": null,
        "Microsoft.VSTS.TCM.Parameters": null,
        "Microsoft.VSTS.TCM.LocalDataSource": null,
        "Microsoft.VSTS.TCM.AutomationStatus": null,
        "System.History": null
      },
      "relations": [
        {
          "rel": "System.LinkTypes.Hierarchy-Reverse",
          "url": "https://dev.azure.com/SeanOBrien0625/_apis/wit/workItems/161",
          "attributes": {
            "isLocked": "false",
            "comment": "Making a new link for the dependency",
            "name": "Parent"
          }
        }
      ],
      "url": "https://dev.azure.com/SeanOBrien0625/_apis/wit/workItems/108"
    },
    {
      "id": 109,
      "rev": 1,
      "fields": {
        "System.AreaPath": "Server Migration",
        "System.TeamProject": "Server Migration",
        "System.IterationPath": "Server Migration",
        "System.WorkItemType": "Task",
        "System.State": "New",
        "System.Reason": "New",
        "System.CreatedDate": "2021-11-10T10:17:36.023Z",
        "System.CreatedBy": "Sean O'Brien <Sean.O'Brien@clouddirect.net>",
        "System.ChangedDate": "2021-11-10T10:17:36.023Z",
        "System.ChangedBy": "Sean O'Brien <Sean.O'Brien@clouddirect.net>",
        "System.Title": "Configure Monitoring System",
        "Microsoft.VSTS.Scheduling.Effort": 0.0,
        "System.Description": "Configure Monitoring System",
        "System.AssignedTo": null,
        "Microsoft.VSTS.Scheduling.RemainingWork": 0.0,
        "Microsoft.VSTS.Common.Priority": 2.0,
        "System.BoardLane": null,
        "System.Tags": null,
        "Microsoft.VSTS.TCM.Steps": null,
        "Microsoft.VSTS.TCM.Parameters": null,
        "Microsoft.VSTS.TCM.LocalDataSource": null,
        "Microsoft.VSTS.TCM.AutomationStatus": null,
        "System.History": null
      },
      "relations": [
        {
          "rel": "System.LinkTypes.Hierarchy-Reverse",
          "url": "https://dev.azure.com/SeanOBrien0625/_apis/wit/workItems/161",
          "attributes": {
            "isLocked": "false",
            "comment": "Making a new link for the dependency",
            "name": "Parent"
          }
        }
      ],
      "url": "https://dev.azure.com/SeanOBrien0625/_apis/wit/workItems/109"
    },
    {
      "id": 110,
      "rev": 1,
      "fields": {
        "System.AreaPath": "Server Migration",
        "System.TeamProject": "Server Migration",
        "System.IterationPath": "Server Migration",
        "System.WorkItemType": "Task",
        "System.State": "New",
        "System.Reason": "New",
        "System.CreatedDate": "2021-11-10T10:17:36.303Z",
        "System.CreatedBy": "Sean O'Brien <Sean.O'Brien@clouddirect.net>",
        "System.ChangedDate": "2021-11-10T10:17:36.303Z",
        "System.ChangedBy": "Sean O'Brien <Sean.O'Brien@clouddirect.net>",
        "System.Title": "Cutover and Decommission",
        "Microsoft.VSTS.Scheduling.Effort": 0.0,
        "System.Description": "Cutover and Decommission",
        "System.AssignedTo": null,
        "Microsoft.VSTS.Scheduling.RemainingWork": 0.0,
        "Microsoft.VSTS.Common.Priority": 2.0,
        "System.BoardLane": null,
        "System.Tags": null,
        "Microsoft.VSTS.TCM.Steps": null,
        "Microsoft.VSTS.TCM.Parameters": null,
        "Microsoft.VSTS.TCM.LocalDataSource": null,
        "Microsoft.VSTS.TCM.AutomationStatus": null,
        "System.History": null
      },
      "relations": [
        {
          "rel": "System.LinkTypes.Hierarchy-Reverse",
          "url": "https://dev.azure.com/SeanOBrien0625/_apis/wit/workItems/162",
          "attributes": {
            "isLocked": "false",
            "comment": "Making a new link for the dependency",
            "name": "Parent"
          }
        }
      ],
      "url": "https://dev.azure.com/SeanOBrien0625/_apis/wit/workItems/110"
    },
    {
      "id": 111,
      "rev": 1,
      "fields": {
        "System.AreaPath": "Server Migration",
        "System.TeamProject": "Server Migration",
        "System.IterationPath": "Server Migration",
        "System.WorkItemType": "Task",
        "System.State": "New",
        "System.Reason": "New",
        "System.CreatedDate": "2021-11-10T10:17:36.573Z",
        "System.CreatedBy": "Sean O'Brien <Sean.O'Brien@clouddirect.net>",
        "System.ChangedDate": "2021-11-10T10:17:36.573Z",
        "System.ChangedBy": "Sean O'Brien <Sean.O'Brien@clouddirect.net>",
        "System.Title": "Protect and recover",
        "Microsoft.VSTS.Scheduling.Effort": 0.0,
        "System.Description": "Protect and recover",
        "System.AssignedTo": null,
        "Microsoft.VSTS.Scheduling.RemainingWork": 0.0,
        "Microsoft.VSTS.Common.Priority": 2.0,
        "System.BoardLane": null,
        "System.Tags": null,
        "Microsoft.VSTS.TCM.Steps": null,
        "Microsoft.VSTS.TCM.Parameters": null,
        "Microsoft.VSTS.TCM.LocalDataSource": null,
        "Microsoft.VSTS.TCM.AutomationStatus": null,
        "System.History": null
      },
      "relations": [
        {
          "rel": "System.LinkTypes.Hierarchy-Reverse",
          "url": "https://dev.azure.com/SeanOBrien0625/_apis/wit/workItems/162",
          "attributes": {
            "isLocked": "false",
            "comment": "Making a new link for the dependency",
            "name": "Parent"
          }
        }
      ],
      "url": "https://dev.azure.com/SeanOBrien0625/_apis/wit/workItems/111"
    },
    {
      "id": 112,
      "rev": 1,
      "fields": {
        "System.AreaPath": "Server Migration",
        "System.TeamProject": "Server Migration",
        "System.IterationPath": "Server Migration",
        "System.WorkItemType": "Task",
        "System.State": "New",
        "System.Reason": "New",
        "System.CreatedDate": "2021-11-10T10:17:36.813Z",
        "System.CreatedBy": "Sean O'Brien <Sean.O'Brien@clouddirect.net>",
        "System.ChangedDate": "2021-11-10T10:17:36.813Z",
        "System.ChangedBy": "Sean O'Brien <Sean.O'Brien@clouddirect.net>",
        "System.Title": "Operational compliance",
        "Microsoft.VSTS.Scheduling.Effort": 0.0,
        "System.Description": "Operational compliance",
        "System.AssignedTo": null,
        "Microsoft.VSTS.Scheduling.RemainingWork": 0.0,
        "Microsoft.VSTS.Common.Priority": 2.0,
        "System.BoardLane": null,
        "System.Tags": null,
        "Microsoft.VSTS.TCM.Steps": null,
        "Microsoft.VSTS.TCM.Parameters": null,
        "Microsoft.VSTS.TCM.LocalDataSource": null,
        "Microsoft.VSTS.TCM.AutomationStatus": null,
        "System.History": null
      },
      "relations": [
        {
          "rel": "System.LinkTypes.Hierarchy-Reverse",
          "url": "https://dev.azure.com/SeanOBrien0625/_apis/wit/workItems/162",
          "attributes": {
            "isLocked": "false",
            "comment": "Making a new link for the dependency",
            "name": "Parent"
          }
        }
      ],
      "url": "https://dev.azure.com/SeanOBrien0625/_apis/wit/workItems/112"
    },
    {
      "id": 113,
      "rev": 1,
      "fields": {
        "System.AreaPath": "Server Migration",
        "System.TeamProject": "Server Migration",
        "System.IterationPath": "Server Migration",
        "System.WorkItemType": "Task",
        "System.State": "New",
        "System.Reason": "New",
        "System.CreatedDate": "2021-11-10T10:17:37.557Z",
        "System.CreatedBy": "Sean O'Brien <Sean.O'Brien@clouddirect.net>",
        "System.ChangedDate": "2021-11-10T10:17:37.557Z",
        "System.ChangedBy": "Sean O'Brien <Sean.O'Brien@clouddirect.net>",
        "System.Title": "Inventory and visibility",
        "Microsoft.VSTS.Scheduling.Effort": 0.0,
        "System.Description": "Inventory and visibility",
        "System.AssignedTo": null,
        "Microsoft.VSTS.Scheduling.RemainingWork": 0.0,
        "Microsoft.VSTS.Common.Priority": 2.0,
        "System.BoardLane": null,
        "System.Tags": null,
        "Microsoft.VSTS.TCM.Steps": null,
        "Microsoft.VSTS.TCM.Parameters": null,
        "Microsoft.VSTS.TCM.LocalDataSource": null,
        "Microsoft.VSTS.TCM.AutomationStatus": null,
        "System.History": null
      },
      "relations": [
        {
          "rel": "System.LinkTypes.Hierarchy-Reverse",
          "url": "https://dev.azure.com/SeanOBrien0625/_apis/wit/workItems/162",
          "attributes": {
            "isLocked": "false",
            "comment": "Making a new link for the dependency",
            "name": "Parent"
          }
        }
      ],
      "url": "https://dev.azure.com/SeanOBrien0625/_apis/wit/workItems/113"
    },
    {
      "id": 114,
      "rev": 1,
      "fields": {
        "System.AreaPath": "Server Migration",
        "System.TeamProject": "Server Migration",
        "System.IterationPath": "Server Migration",
        "System.WorkItemType": "Task",
        "System.State": "New",
        "System.Reason": "New",
        "System.CreatedDate": "2021-11-10T10:17:37.823Z",
        "System.CreatedBy": "Sean O'Brien <Sean.O'Brien@clouddirect.net>",
        "System.ChangedDate": "2021-11-10T10:17:37.823Z",
        "System.ChangedBy": "Sean O'Brien <Sean.O'Brien@clouddirect.net>",
        "System.Title": "Compliance",
        "Microsoft.VSTS.Scheduling.Effort": 0.0,
        "System.Description": "Compliance",
        "System.AssignedTo": null,
        "Microsoft.VSTS.Scheduling.RemainingWork": 0.0,
        "Microsoft.VSTS.Common.Priority": 2.0,
        "System.BoardLane": null,
        "System.Tags": null,
        "Microsoft.VSTS.TCM.Steps": null,
        "Microsoft.VSTS.TCM.Parameters": null,
        "Microsoft.VSTS.TCM.LocalDataSource": null,
        "Microsoft.VSTS.TCM.AutomationStatus": null,
        "System.History": null
      },
      "relations": [
        {
          "rel": "System.LinkTypes.Hierarchy-Reverse",
          "url": "https://dev.azure.com/SeanOBrien0625/_apis/wit/workItems/163",
          "attributes": {
            "isLocked": "false",
            "comment": "Making a new link for the dependency",
            "name": "Parent"
          }
        }
      ],
      "url": "https://dev.azure.com/SeanOBrien0625/_apis/wit/workItems/114"
    },
    {
      "id": 115,
      "rev": 1,
      "fields": {
        "System.AreaPath": "Server Migration",
        "System.TeamProject": "Server Migration",
        "System.IterationPath": "Server Migration",
        "System.WorkItemType": "Task",
        "System.State": "New",
        "System.Reason": "New",
        "System.CreatedDate": "2021-11-10T10:17:38.07Z",
        "System.CreatedBy": "Sean O'Brien <Sean.O'Brien@clouddirect.net>",
        "System.ChangedDate": "2021-11-10T10:17:38.07Z",
        "System.ChangedBy": "Sean O'Brien <Sean.O'Brien@clouddirect.net>",
        "System.Title": "Security Implemtation and reporting",
        "Microsoft.VSTS.Scheduling.Effort": 0.0,
        "System.Description": "Security Implemtation and reporting",
        "System.AssignedTo": null,
        "Microsoft.VSTS.Scheduling.RemainingWork": 0.0,
        "Microsoft.VSTS.Common.Priority": 2.0,
        "System.BoardLane": null,
        "System.Tags": null,
        "Microsoft.VSTS.TCM.Steps": null,
        "Microsoft.VSTS.TCM.Parameters": null,
        "Microsoft.VSTS.TCM.LocalDataSource": null,
        "Microsoft.VSTS.TCM.AutomationStatus": null,
        "System.History": null
      },
      "relations": [
        {
          "rel": "System.LinkTypes.Hierarchy-Reverse",
          "url": "https://dev.azure.com/SeanOBrien0625/_apis/wit/workItems/163",
          "attributes": {
            "isLocked": "false",
            "comment": "Making a new link for the dependency",
            "name": "Parent"
          }
        }
      ],
      "url": "https://dev.azure.com/SeanOBrien0625/_apis/wit/workItems/115"
    },
    {
      "id": 116,
      "rev": 1,
      "fields": {
        "System.AreaPath": "Server Migration",
        "System.TeamProject": "Server Migration",
        "System.IterationPath": "Server Migration",
        "System.WorkItemType": "Task",
        "System.State": "New",
        "System.Reason": "New",
        "System.CreatedDate": "2021-11-10T10:17:38.38Z",
        "System.CreatedBy": "Sean O'Brien <Sean.O'Brien@clouddirect.net>",
        "System.ChangedDate": "2021-11-10T10:17:38.38Z",
        "System.ChangedBy": "Sean O'Brien <Sean.O'Brien@clouddirect.net>",
        "System.Title": "Governance",
        "Microsoft.VSTS.Scheduling.Effort": 0.0,
        "System.Description": "Governance",
        "System.AssignedTo": null,
        "Microsoft.VSTS.Scheduling.RemainingWork": 0.0,
        "Microsoft.VSTS.Common.Priority": 2.0,
        "System.BoardLane": null,
        "System.Tags": null,
        "Microsoft.VSTS.TCM.Steps": null,
        "Microsoft.VSTS.TCM.Parameters": null,
        "Microsoft.VSTS.TCM.LocalDataSource": null,
        "Microsoft.VSTS.TCM.AutomationStatus": null,
        "System.History": null
      },
      "relations": [
        {
          "rel": "System.LinkTypes.Hierarchy-Reverse",
          "url": "https://dev.azure.com/SeanOBrien0625/_apis/wit/workItems/163",
          "attributes": {
            "isLocked": "false",
            "comment": "Making a new link for the dependency",
            "name": "Parent"
          }
        }
      ],
      "url": "https://dev.azure.com/SeanOBrien0625/_apis/wit/workItems/116"
    },
    {
      "id": 117,
      "rev": 1,
      "fields": {
        "System.AreaPath": "Server Migration",
        "System.TeamProject": "Server Migration",
        "System.IterationPath": "Server Migration",
        "System.WorkItemType": "Task",
        "System.State": "New",
        "System.Reason": "New",
        "System.CreatedDate": "2021-11-10T10:17:38.75Z",
        "System.CreatedBy": "Sean O'Brien <Sean.O'Brien@clouddirect.net>",
        "System.ChangedDate": "2021-11-10T10:17:38.75Z",
        "System.ChangedBy": "Sean O'Brien <Sean.O'Brien@clouddirect.net>",
        "System.Title": "Release Management",
        "Microsoft.VSTS.Scheduling.Effort": 0.0,
        "System.Description": "Release Management",
        "System.AssignedTo": null,
        "Microsoft.VSTS.Scheduling.RemainingWork": 0.0,
        "Microsoft.VSTS.Common.Priority": 2.0,
        "System.BoardLane": null,
        "System.Tags": null,
        "Microsoft.VSTS.TCM.Steps": null,
        "Microsoft.VSTS.TCM.Parameters": null,
        "Microsoft.VSTS.TCM.LocalDataSource": null,
        "Microsoft.VSTS.TCM.AutomationStatus": null,
        "System.History": null
      },
      "relations": [
        {
          "rel": "System.LinkTypes.Hierarchy-Reverse",
          "url": "https://dev.azure.com/SeanOBrien0625/_apis/wit/workItems/164",
          "attributes": {
            "isLocked": "false",
            "comment": "Making a new link for the dependency",
            "name": "Parent"
          }
        }
      ],
      "url": "https://dev.azure.com/SeanOBrien0625/_apis/wit/workItems/117"
    },
    {
      "id": 118,
      "rev": 1,
      "fields": {
        "System.AreaPath": "Server Migration",
        "System.TeamProject": "Server Migration",
        "System.IterationPath": "Server Migration",
        "System.WorkItemType": "Task",
        "System.State": "New",
        "System.Reason": "New",
        "System.CreatedDate": "2021-11-10T10:17:39.027Z",
        "System.CreatedBy": "Sean O'Brien <Sean.O'Brien@clouddirect.net>",
        "System.ChangedDate": "2021-11-10T10:17:39.027Z",
        "System.ChangedBy": "Sean O'Brien <Sean.O'Brien@clouddirect.net>",
        "System.Title": "Transition to Support",
        "Microsoft.VSTS.Scheduling.Effort": 0.0,
        "System.Description": "Transition to Support",
        "System.AssignedTo": null,
        "Microsoft.VSTS.Scheduling.RemainingWork": 0.0,
        "Microsoft.VSTS.Common.Priority": 2.0,
        "System.BoardLane": null,
        "System.Tags": null,
        "Microsoft.VSTS.TCM.Steps": null,
        "Microsoft.VSTS.TCM.Parameters": null,
        "Microsoft.VSTS.TCM.LocalDataSource": null,
        "Microsoft.VSTS.TCM.AutomationStatus": null,
        "System.History": null
      },
      "relations": [
        {
          "rel": "System.LinkTypes.Hierarchy-Reverse",
          "url": "https://dev.azure.com/SeanOBrien0625/_apis/wit/workItems/164",
          "attributes": {
            "isLocked": "false",
            "comment": "Making a new link for the dependency",
            "name": "Parent"
          }
        }
      ],
      "url": "https://dev.azure.com/SeanOBrien0625/_apis/wit/workItems/118"
    },
    {
      "id": 119,
      "rev": 1,
      "fields": {
        "System.AreaPath": "Server Migration",
        "System.TeamProject": "Server Migration",
        "System.IterationPath": "Server Migration",
        "System.WorkItemType": "Task",
        "System.State": "New",
        "System.Reason": "New",
        "System.CreatedDate": "2021-11-10T10:17:39.273Z",
        "System.CreatedBy": "Sean O'Brien <Sean.O'Brien@clouddirect.net>",
        "System.ChangedDate": "2021-11-10T10:17:39.273Z",
        "System.ChangedBy": "Sean O'Brien <Sean.O'Brien@clouddirect.net>",
        "System.Title": "Server migration Functional Validation",
        "Microsoft.VSTS.Scheduling.Effort": 0.0,
        "System.Description": "Server migration Functional Validation",
        "System.AssignedTo": null,
        "Microsoft.VSTS.Scheduling.RemainingWork": 0.0,
        "Microsoft.VSTS.Common.Priority": 2.0,
        "System.BoardLane": null,
        "System.Tags": null,
        "Microsoft.VSTS.TCM.Steps": null,
        "Microsoft.VSTS.TCM.Parameters": null,
        "Microsoft.VSTS.TCM.LocalDataSource": null,
        "Microsoft.VSTS.TCM.AutomationStatus": null,
        "System.History": null
      },
      "relations": [
        {
          "rel": "System.LinkTypes.Hierarchy-Reverse",
          "url": "https://dev.azure.com/SeanOBrien0625/_apis/wit/workItems/164",
          "attributes": {
            "isLocked": "false",
            "comment": "Making a new link for the dependency",
            "name": "Parent"
          }
        }
      ],
      "url": "https://dev.azure.com/SeanOBrien0625/_apis/wit/workItems/119"
    },
    {
      "id": 120,
      "rev": 1,
      "fields": {
        "System.AreaPath": "Server Migration",
        "System.TeamProject": "Server Migration",
        "System.IterationPath": "Server Migration",
        "System.WorkItemType": "Task",
        "System.State": "New",
        "System.Reason": "New",
        "System.CreatedDate": "2021-11-10T10:17:39.553Z",
        "System.CreatedBy": "Sean O'Brien <Sean.O'Brien@clouddirect.net>",
        "System.ChangedDate": "2021-11-10T10:17:39.553Z",
        "System.ChangedBy": "Sean O'Brien <Sean.O'Brien@clouddirect.net>",
        "System.Title": "Migration: Documentation of implementation and Change request for performing the activity",
        "Microsoft.VSTS.Scheduling.Effort": 0.0,
        "System.Description": "Migration: Documentation of implementation and Change request for performing the activity",
        "System.AssignedTo": null,
        "Microsoft.VSTS.Scheduling.RemainingWork": 0.0,
        "Microsoft.VSTS.Common.Priority": 2.0,
        "System.BoardLane": null,
        "System.Tags": null,
        "Microsoft.VSTS.TCM.Steps": null,
        "Microsoft.VSTS.TCM.Parameters": null,
        "Microsoft.VSTS.TCM.LocalDataSource": null,
        "Microsoft.VSTS.TCM.AutomationStatus": null,
        "System.History": null
      },
      "relations": [
        {
          "rel": "System.LinkTypes.Hierarchy-Reverse",
          "url": "https://dev.azure.com/SeanOBrien0625/_apis/wit/workItems/165",
          "attributes": {
            "isLocked": "false",
            "comment": "Making a new link for the dependency",
            "name": "Parent"
          }
        }
      ],
      "url": "https://dev.azure.com/SeanOBrien0625/_apis/wit/workItems/120"
    },
    {
      "id": 121,
      "rev": 1,
      "fields": {
        "System.AreaPath": "Server Migration",
        "System.TeamProject": "Server Migration",
        "System.IterationPath": "Server Migration",
        "System.WorkItemType": "Task",
        "System.State": "New",
        "System.Reason": "New",
        "System.CreatedDate": "2021-11-10T10:17:39.793Z",
        "System.CreatedBy": "Sean O'Brien <Sean.O'Brien@clouddirect.net>",
        "System.ChangedDate": "2021-11-10T10:17:39.793Z",
        "System.ChangedBy": "Sean O'Brien <Sean.O'Brien@clouddirect.net>",
        "System.Title": "Test and Validate the VMWare Virtual server migration to Azure",
        "Microsoft.VSTS.Scheduling.Effort": 0.0,
        "System.Description": "Test and Validate the VMWare Virtual server migration to Azure",
        "System.AssignedTo": null,
        "Microsoft.VSTS.Scheduling.RemainingWork": 0.0,
        "Microsoft.VSTS.Common.Priority": 2.0,
        "System.BoardLane": null,
        "System.Tags": null,
        "Microsoft.VSTS.TCM.Steps": null,
        "Microsoft.VSTS.TCM.Parameters": null,
        "Microsoft.VSTS.TCM.LocalDataSource": null,
        "Microsoft.VSTS.TCM.AutomationStatus": null,
        "System.History": null
      },
      "relations": [
        {
          "rel": "System.LinkTypes.Hierarchy-Reverse",
          "url": "https://dev.azure.com/SeanOBrien0625/_apis/wit/workItems/165",
          "attributes": {
            "isLocked": "false",
            "comment": "Making a new link for the dependency",
            "name": "Parent"
          }
        }
      ],
      "url": "https://dev.azure.com/SeanOBrien0625/_apis/wit/workItems/121"
    },
    {
      "id": 122,
      "rev": 1,
      "fields": {
        "System.AreaPath": "Server Migration",
        "System.TeamProject": "Server Migration",
        "System.IterationPath": "Server Migration",
        "System.WorkItemType": "Task",
        "System.State": "New",
        "System.Reason": "New",
        "System.CreatedDate": "2021-11-10T10:17:40.037Z",
        "System.CreatedBy": "Sean O'Brien <Sean.O'Brien@clouddirect.net>",
        "System.ChangedDate": "2021-11-10T10:17:40.037Z",
        "System.ChangedBy": "Sean O'Brien <Sean.O'Brien@clouddirect.net>",
        "System.Title": "Migrate VMWare Virtual Servers to Azure",
        "Microsoft.VSTS.Scheduling.Effort": 0.0,
        "System.Description": "Migrate VMWare Virtual Servers to Azure",
        "System.AssignedTo": null,
        "Microsoft.VSTS.Scheduling.RemainingWork": 0.0,
        "Microsoft.VSTS.Common.Priority": 2.0,
        "System.BoardLane": null,
        "System.Tags": null,
        "Microsoft.VSTS.TCM.Steps": null,
        "Microsoft.VSTS.TCM.Parameters": null,
        "Microsoft.VSTS.TCM.LocalDataSource": null,
        "Microsoft.VSTS.TCM.AutomationStatus": null,
        "System.History": null
      },
      "relations": [
        {
          "rel": "System.LinkTypes.Hierarchy-Reverse",
          "url": "https://dev.azure.com/SeanOBrien0625/_apis/wit/workItems/165",
          "attributes": {
            "isLocked": "false",
            "comment": "Making a new link for the dependency",
            "name": "Parent"
          }
        }
      ],
      "url": "https://dev.azure.com/SeanOBrien0625/_apis/wit/workItems/122"
    },
    {
      "id": 123,
      "rev": 1,
      "fields": {
        "System.AreaPath": "Server Migration",
        "System.TeamProject": "Server Migration",
        "System.IterationPath": "Server Migration",
        "System.WorkItemType": "Task",
        "System.State": "New",
        "System.Reason": "New",
        "System.CreatedDate": "2021-11-10T10:17:40.29Z",
        "System.CreatedBy": "Sean O'Brien <Sean.O'Brien@clouddirect.net>",
        "System.ChangedDate": "2021-11-10T10:17:40.29Z",
        "System.ChangedBy": "Sean O'Brien <Sean.O'Brien@clouddirect.net>",
        "System.Title": "Configure the Azure envirnment based on the assessment",
        "Microsoft.VSTS.Scheduling.Effort": 0.0,
        "System.Description": "Configure the Azure envirnment based on the assessment",
        "System.AssignedTo": null,
        "Microsoft.VSTS.Scheduling.RemainingWork": 0.0,
        "Microsoft.VSTS.Common.Priority": 2.0,
        "System.BoardLane": null,
        "System.Tags": null,
        "Microsoft.VSTS.TCM.Steps": null,
        "Microsoft.VSTS.TCM.Parameters": null,
        "Microsoft.VSTS.TCM.LocalDataSource": null,
        "Microsoft.VSTS.TCM.AutomationStatus": null,
        "System.History": null
      },
      "relations": [
        {
          "rel": "System.LinkTypes.Hierarchy-Reverse",
          "url": "https://dev.azure.com/SeanOBrien0625/_apis/wit/workItems/165",
          "attributes": {
            "isLocked": "false",
            "comment": "Making a new link for the dependency",
            "name": "Parent"
          }
        }
      ],
      "url": "https://dev.azure.com/SeanOBrien0625/_apis/wit/workItems/123"
    },
    {
      "id": 124,
      "rev": 1,
      "fields": {
        "System.AreaPath": "Server Migration",
        "System.TeamProject": "Server Migration",
        "System.IterationPath": "Server Migration",
        "System.WorkItemType": "Task",
        "System.State": "New",
        "System.Reason": "New",
        "System.CreatedDate": "2021-11-10T10:17:40.547Z",
        "System.CreatedBy": "Sean O'Brien <Sean.O'Brien@clouddirect.net>",
        "System.ChangedDate": "2021-11-10T10:17:40.547Z",
        "System.ChangedBy": "Sean O'Brien <Sean.O'Brien@clouddirect.net>",
        "System.Title": "Prepare the VMWare Virtual Server Assessment and requirement",
        "Microsoft.VSTS.Scheduling.Effort": 0.0,
        "System.Description": "Prepare the VMWare Virtual Server Assessment and requirement",
        "System.AssignedTo": null,
        "Microsoft.VSTS.Scheduling.RemainingWork": 0.0,
        "Microsoft.VSTS.Common.Priority": 2.0,
        "System.BoardLane": null,
        "System.Tags": null,
        "Microsoft.VSTS.TCM.Steps": null,
        "Microsoft.VSTS.TCM.Parameters": null,
        "Microsoft.VSTS.TCM.LocalDataSource": null,
        "Microsoft.VSTS.TCM.AutomationStatus": null,
        "System.History": null
      },
      "relations": [
        {
          "rel": "System.LinkTypes.Hierarchy-Reverse",
          "url": "https://dev.azure.com/SeanOBrien0625/_apis/wit/workItems/165",
          "attributes": {
            "isLocked": "false",
            "comment": "Making a new link for the dependency",
            "name": "Parent"
          }
        }
      ],
      "url": "https://dev.azure.com/SeanOBrien0625/_apis/wit/workItems/124"
    },
    {
      "id": 125,
      "rev": 1,
      "fields": {
        "System.AreaPath": "Server Migration",
        "System.TeamProject": "Server Migration",
        "System.IterationPath": "Server Migration",
        "System.WorkItemType": "Task",
        "System.State": "New",
        "System.Reason": "New",
        "System.CreatedDate": "2021-11-10T10:17:41.313Z",
        "System.CreatedBy": "Sean O'Brien <Sean.O'Brien@clouddirect.net>",
        "System.ChangedDate": "2021-11-10T10:17:41.313Z",
        "System.ChangedBy": "Sean O'Brien <Sean.O'Brien@clouddirect.net>",
        "System.Title": "Test and Validate the  Hyper V Host and Virtual server migration to Azure",
        "Microsoft.VSTS.Scheduling.Effort": 0.0,
        "System.Description": "Test and Validate the  Hyper V Host and Virtual server migration to Azure",
        "System.AssignedTo": null,
        "Microsoft.VSTS.Scheduling.RemainingWork": 0.0,
        "Microsoft.VSTS.Common.Priority": 2.0,
        "System.BoardLane": null,
        "System.Tags": null,
        "Microsoft.VSTS.TCM.Steps": null,
        "Microsoft.VSTS.TCM.Parameters": null,
        "Microsoft.VSTS.TCM.LocalDataSource": null,
        "Microsoft.VSTS.TCM.AutomationStatus": null,
        "System.History": null
      },
      "relations": [
        {
          "rel": "System.LinkTypes.Hierarchy-Reverse",
          "url": "https://dev.azure.com/SeanOBrien0625/_apis/wit/workItems/166",
          "attributes": {
            "isLocked": "false",
            "comment": "Making a new link for the dependency",
            "name": "Parent"
          }
        }
      ],
      "url": "https://dev.azure.com/SeanOBrien0625/_apis/wit/workItems/125"
    },
    {
      "id": 126,
      "rev": 1,
      "fields": {
        "System.AreaPath": "Server Migration",
        "System.TeamProject": "Server Migration",
        "System.IterationPath": "Server Migration",
        "System.WorkItemType": "Task",
        "System.State": "New",
        "System.Reason": "New",
        "System.CreatedDate": "2021-11-10T10:17:41.543Z",
        "System.CreatedBy": "Sean O'Brien <Sean.O'Brien@clouddirect.net>",
        "System.ChangedDate": "2021-11-10T10:17:41.543Z",
        "System.ChangedBy": "Sean O'Brien <Sean.O'Brien@clouddirect.net>",
        "System.Title": "Migrate  Hyper V Host and Virtual Servers to Azure",
        "Microsoft.VSTS.Scheduling.Effort": 0.0,
        "System.Description": "Migrate  Hyper V Host and Virtual Servers to Azure",
        "System.AssignedTo": null,
        "Microsoft.VSTS.Scheduling.RemainingWork": 0.0,
        "Microsoft.VSTS.Common.Priority": 2.0,
        "System.BoardLane": null,
        "System.Tags": null,
        "Microsoft.VSTS.TCM.Steps": null,
        "Microsoft.VSTS.TCM.Parameters": null,
        "Microsoft.VSTS.TCM.LocalDataSource": null,
        "Microsoft.VSTS.TCM.AutomationStatus": null,
        "System.History": null
      },
      "relations": [
        {
          "rel": "System.LinkTypes.Hierarchy-Reverse",
          "url": "https://dev.azure.com/SeanOBrien0625/_apis/wit/workItems/166",
          "attributes": {
            "isLocked": "false",
            "comment": "Making a new link for the dependency",
            "name": "Parent"
          }
        }
      ],
      "url": "https://dev.azure.com/SeanOBrien0625/_apis/wit/workItems/126"
    },
    {
      "id": 127,
      "rev": 1,
      "fields": {
        "System.AreaPath": "Server Migration",
        "System.TeamProject": "Server Migration",
        "System.IterationPath": "Server Migration",
        "System.WorkItemType": "Task",
        "System.State": "New",
        "System.Reason": "New",
        "System.CreatedDate": "2021-11-10T10:17:41.78Z",
        "System.CreatedBy": "Sean O'Brien <Sean.O'Brien@clouddirect.net>",
        "System.ChangedDate": "2021-11-10T10:17:41.78Z",
        "System.ChangedBy": "Sean O'Brien <Sean.O'Brien@clouddirect.net>",
        "System.Title": "Configure the Azure envirnment based on the assessment",
        "Microsoft.VSTS.Scheduling.Effort": 0.0,
        "System.Description": "Configure the Azure envirnment based on the assessment",
        "System.AssignedTo": null,
        "Microsoft.VSTS.Scheduling.RemainingWork": 0.0,
        "Microsoft.VSTS.Common.Priority": 2.0,
        "System.BoardLane": null,
        "System.Tags": null,
        "Microsoft.VSTS.TCM.Steps": null,
        "Microsoft.VSTS.TCM.Parameters": null,
        "Microsoft.VSTS.TCM.LocalDataSource": null,
        "Microsoft.VSTS.TCM.AutomationStatus": null,
        "System.History": null
      },
      "relations": [
        {
          "rel": "System.LinkTypes.Hierarchy-Reverse",
          "url": "https://dev.azure.com/SeanOBrien0625/_apis/wit/workItems/166",
          "attributes": {
            "isLocked": "false",
            "comment": "Making a new link for the dependency",
            "name": "Parent"
          }
        }
      ],
      "url": "https://dev.azure.com/SeanOBrien0625/_apis/wit/workItems/127"
    },
    {
      "id": 128,
      "rev": 1,
      "fields": {
        "System.AreaPath": "Server Migration",
        "System.TeamProject": "Server Migration",
        "System.IterationPath": "Server Migration",
        "System.WorkItemType": "Task",
        "System.State": "New",
        "System.Reason": "New",
        "System.CreatedDate": "2021-11-10T10:17:42.03Z",
        "System.CreatedBy": "Sean O'Brien <Sean.O'Brien@clouddirect.net>",
        "System.ChangedDate": "2021-11-10T10:17:42.03Z",
        "System.ChangedBy": "Sean O'Brien <Sean.O'Brien@clouddirect.net>",
        "System.Title": "Prepare the Hyper V Host and Virtual Server Assessment and requirement",
        "Microsoft.VSTS.Scheduling.Effort": 0.0,
        "System.Description": "Prepare the Hyper V Host and Virtual Server Assessment and requirement",
        "System.AssignedTo": null,
        "Microsoft.VSTS.Scheduling.RemainingWork": 0.0,
        "Microsoft.VSTS.Common.Priority": 2.0,
        "System.BoardLane": null,
        "System.Tags": null,
        "Microsoft.VSTS.TCM.Steps": null,
        "Microsoft.VSTS.TCM.Parameters": null,
        "Microsoft.VSTS.TCM.LocalDataSource": null,
        "Microsoft.VSTS.TCM.AutomationStatus": null,
        "System.History": null
      },
      "relations": [
        {
          "rel": "System.LinkTypes.Hierarchy-Reverse",
          "url": "https://dev.azure.com/SeanOBrien0625/_apis/wit/workItems/166",
          "attributes": {
            "isLocked": "false",
            "comment": "Making a new link for the dependency",
            "name": "Parent"
          }
        }
      ],
      "url": "https://dev.azure.com/SeanOBrien0625/_apis/wit/workItems/128"
    },
    {
      "id": 129,
      "rev": 1,
      "fields": {
        "System.AreaPath": "Server Migration",
        "System.TeamProject": "Server Migration",
        "System.IterationPath": "Server Migration",
        "System.WorkItemType": "Task",
        "System.State": "New",
        "System.Reason": "New",
        "System.CreatedDate": "2021-11-10T10:17:42.273Z",
        "System.CreatedBy": "Sean O'Brien <Sean.O'Brien@clouddirect.net>",
        "System.ChangedDate": "2021-11-10T10:17:42.273Z",
        "System.ChangedBy": "Sean O'Brien <Sean.O'Brien@clouddirect.net>",
        "System.Title": "Test and Validate the physical server migration to Azure",
        "Microsoft.VSTS.Scheduling.Effort": 0.0,
        "System.Description": "Test and Validate the physical server migration to Azure",
        "System.AssignedTo": null,
        "Microsoft.VSTS.Scheduling.RemainingWork": 0.0,
        "Microsoft.VSTS.Common.Priority": 2.0,
        "System.BoardLane": null,
        "System.Tags": null,
        "Microsoft.VSTS.TCM.Steps": null,
        "Microsoft.VSTS.TCM.Parameters": null,
        "Microsoft.VSTS.TCM.LocalDataSource": null,
        "Microsoft.VSTS.TCM.AutomationStatus": null,
        "System.History": null
      },
      "relations": [
        {
          "rel": "System.LinkTypes.Hierarchy-Reverse",
          "url": "https://dev.azure.com/SeanOBrien0625/_apis/wit/workItems/167",
          "attributes": {
            "isLocked": "false",
            "comment": "Making a new link for the dependency",
            "name": "Parent"
          }
        }
      ],
      "url": "https://dev.azure.com/SeanOBrien0625/_apis/wit/workItems/129"
    },
    {
      "id": 130,
      "rev": 1,
      "fields": {
        "System.AreaPath": "Server Migration",
        "System.TeamProject": "Server Migration",
        "System.IterationPath": "Server Migration",
        "System.WorkItemType": "Task",
        "System.State": "New",
        "System.Reason": "New",
        "System.CreatedDate": "2021-11-10T10:17:42.547Z",
        "System.CreatedBy": "Sean O'Brien <Sean.O'Brien@clouddirect.net>",
        "System.ChangedDate": "2021-11-10T10:17:42.547Z",
        "System.ChangedBy": "Sean O'Brien <Sean.O'Brien@clouddirect.net>",
        "System.Title": "Migrate Physical Servers to Azure",
        "Microsoft.VSTS.Scheduling.Effort": 0.0,
        "System.Description": "Migrate Physical Servers to Azure",
        "System.AssignedTo": null,
        "Microsoft.VSTS.Scheduling.RemainingWork": 0.0,
        "Microsoft.VSTS.Common.Priority": 2.0,
        "System.BoardLane": null,
        "System.Tags": null,
        "Microsoft.VSTS.TCM.Steps": null,
        "Microsoft.VSTS.TCM.Parameters": null,
        "Microsoft.VSTS.TCM.LocalDataSource": null,
        "Microsoft.VSTS.TCM.AutomationStatus": null,
        "System.History": null
      },
      "relations": [
        {
          "rel": "System.LinkTypes.Hierarchy-Reverse",
          "url": "https://dev.azure.com/SeanOBrien0625/_apis/wit/workItems/167",
          "attributes": {
            "isLocked": "false",
            "comment": "Making a new link for the dependency",
            "name": "Parent"
          }
        }
      ],
      "url": "https://dev.azure.com/SeanOBrien0625/_apis/wit/workItems/130"
    },
    {
      "id": 131,
      "rev": 1,
      "fields": {
        "System.AreaPath": "Server Migration",
        "System.TeamProject": "Server Migration",
        "System.IterationPath": "Server Migration",
        "System.WorkItemType": "Task",
        "System.State": "New",
        "System.Reason": "New",
        "System.CreatedDate": "2021-11-10T10:17:42.773Z",
        "System.CreatedBy": "Sean O'Brien <Sean.O'Brien@clouddirect.net>",
        "System.ChangedDate": "2021-11-10T10:17:42.773Z",
        "System.ChangedBy": "Sean O'Brien <Sean.O'Brien@clouddirect.net>",
        "System.Title": "Configure the Azure envirnment based on the assessment",
        "Microsoft.VSTS.Scheduling.Effort": 0.0,
        "System.Description": "Configure the Azure envirnment based on the assessment",
        "System.AssignedTo": null,
        "Microsoft.VSTS.Scheduling.RemainingWork": 0.0,
        "Microsoft.VSTS.Common.Priority": 2.0,
        "System.BoardLane": null,
        "System.Tags": null,
        "Microsoft.VSTS.TCM.Steps": null,
        "Microsoft.VSTS.TCM.Parameters": null,
        "Microsoft.VSTS.TCM.LocalDataSource": null,
        "Microsoft.VSTS.TCM.AutomationStatus": null,
        "System.History": null
      },
      "relations": [
        {
          "rel": "System.LinkTypes.Hierarchy-Reverse",
          "url": "https://dev.azure.com/SeanOBrien0625/_apis/wit/workItems/167",
          "attributes": {
            "isLocked": "false",
            "comment": "Making a new link for the dependency",
            "name": "Parent"
          }
        }
      ],
      "url": "https://dev.azure.com/SeanOBrien0625/_apis/wit/workItems/131"
    },
    {
      "id": 132,
      "rev": 1,
      "fields": {
        "System.AreaPath": "Server Migration",
        "System.TeamProject": "Server Migration",
        "System.IterationPath": "Server Migration",
        "System.WorkItemType": "Task",
        "System.State": "New",
        "System.Reason": "New",
        "System.CreatedDate": "2021-11-10T10:17:43.01Z",
        "System.CreatedBy": "Sean O'Brien <Sean.O'Brien@clouddirect.net>",
        "System.ChangedDate": "2021-11-10T10:17:43.01Z",
        "System.ChangedBy": "Sean O'Brien <Sean.O'Brien@clouddirect.net>",
        "System.Title": "Prepare the Physical Server Assessment and requirement",
        "Microsoft.VSTS.Scheduling.Effort": 0.0,
        "System.Description": "Prepare the Physical Server Assessment and requirement",
        "System.AssignedTo": null,
        "Microsoft.VSTS.Scheduling.RemainingWork": 0.0,
        "Microsoft.VSTS.Common.Priority": 2.0,
        "System.BoardLane": null,
        "System.Tags": null,
        "Microsoft.VSTS.TCM.Steps": null,
        "Microsoft.VSTS.TCM.Parameters": null,
        "Microsoft.VSTS.TCM.LocalDataSource": null,
        "Microsoft.VSTS.TCM.AutomationStatus": null,
        "System.History": null
      },
      "relations": [
        {
          "rel": "System.LinkTypes.Hierarchy-Reverse",
          "url": "https://dev.azure.com/SeanOBrien0625/_apis/wit/workItems/167",
          "attributes": {
            "isLocked": "false",
            "comment": "Making a new link for the dependency",
            "name": "Parent"
          }
        }
      ],
      "url": "https://dev.azure.com/SeanOBrien0625/_apis/wit/workItems/132"
    },
    {
      "id": 133,
      "rev": 1,
      "fields": {
        "System.AreaPath": "Server Migration",
        "System.TeamProject": "Server Migration",
        "System.IterationPath": "Server Migration",
        "System.WorkItemType": "Task",
        "System.State": "New",
        "System.Reason": "New",
        "System.CreatedDate": "2021-11-10T10:17:43.26Z",
        "System.CreatedBy": "Sean O'Brien <Sean.O'Brien@clouddirect.net>",
        "System.ChangedDate": "2021-11-10T10:17:43.26Z",
        "System.ChangedBy": "Sean O'Brien <Sean.O'Brien@clouddirect.net>",
        "System.Title": "Migration: Application Integration",
        "Microsoft.VSTS.Scheduling.Effort": 0.0,
        "System.Description": "Migration: Application Integration",
        "System.AssignedTo": null,
        "Microsoft.VSTS.Scheduling.RemainingWork": 0.0,
        "Microsoft.VSTS.Common.Priority": 2.0,
        "System.BoardLane": null,
        "System.Tags": null,
        "Microsoft.VSTS.TCM.Steps": null,
        "Microsoft.VSTS.TCM.Parameters": null,
        "Microsoft.VSTS.TCM.LocalDataSource": null,
        "Microsoft.VSTS.TCM.AutomationStatus": null,
        "System.History": null
      },
      "relations": [
        {
          "rel": "System.LinkTypes.Hierarchy-Reverse",
          "url": "https://dev.azure.com/SeanOBrien0625/_apis/wit/workItems/168",
          "attributes": {
            "isLocked": "false",
            "comment": "Making a new link for the dependency",
            "name": "Parent"
          }
        }
      ],
      "url": "https://dev.azure.com/SeanOBrien0625/_apis/wit/workItems/133"
    },
    {
      "id": 134,
      "rev": 1,
      "fields": {
        "System.AreaPath": "Server Migration",
        "System.TeamProject": "Server Migration",
        "System.IterationPath": "Server Migration",
        "System.WorkItemType": "Task",
        "System.State": "New",
        "System.Reason": "New",
        "System.CreatedDate": "2021-11-10T10:17:43.507Z",
        "System.CreatedBy": "Sean O'Brien <Sean.O'Brien@clouddirect.net>",
        "System.ChangedDate": "2021-11-10T10:17:43.507Z",
        "System.ChangedBy": "Sean O'Brien <Sean.O'Brien@clouddirect.net>",
        "System.Title": "Migration: Infrastructure Integration",
        "Microsoft.VSTS.Scheduling.Effort": 0.0,
        "System.Description": "Migration: Infrastructure Integration",
        "System.AssignedTo": null,
        "Microsoft.VSTS.Scheduling.RemainingWork": 0.0,
        "Microsoft.VSTS.Common.Priority": 2.0,
        "System.BoardLane": null,
        "System.Tags": null,
        "Microsoft.VSTS.TCM.Steps": null,
        "Microsoft.VSTS.TCM.Parameters": null,
        "Microsoft.VSTS.TCM.LocalDataSource": null,
        "Microsoft.VSTS.TCM.AutomationStatus": null,
        "System.History": null
      },
      "relations": [
        {
          "rel": "System.LinkTypes.Hierarchy-Reverse",
          "url": "https://dev.azure.com/SeanOBrien0625/_apis/wit/workItems/168",
          "attributes": {
            "isLocked": "false",
            "comment": "Making a new link for the dependency",
            "name": "Parent"
          }
        }
      ],
      "url": "https://dev.azure.com/SeanOBrien0625/_apis/wit/workItems/134"
    },
    {
      "id": 135,
      "rev": 1,
      "fields": {
        "System.AreaPath": "Server Migration",
        "System.TeamProject": "Server Migration",
        "System.IterationPath": "Server Migration",
        "System.WorkItemType": "Task",
        "System.State": "New",
        "System.Reason": "New",
        "System.CreatedDate": "2021-11-10T10:17:43.75Z",
        "System.CreatedBy": "Sean O'Brien <Sean.O'Brien@clouddirect.net>",
        "System.ChangedDate": "2021-11-10T10:17:43.75Z",
        "System.ChangedBy": "Sean O'Brien <Sean.O'Brien@clouddirect.net>",
        "System.Title": "Migration: Deployment",
        "Microsoft.VSTS.Scheduling.Effort": 0.0,
        "System.Description": "Migration: Deployment",
        "System.AssignedTo": null,
        "Microsoft.VSTS.Scheduling.RemainingWork": 0.0,
        "Microsoft.VSTS.Common.Priority": 2.0,
        "System.BoardLane": null,
        "System.Tags": null,
        "Microsoft.VSTS.TCM.Steps": null,
        "Microsoft.VSTS.TCM.Parameters": null,
        "Microsoft.VSTS.TCM.LocalDataSource": null,
        "Microsoft.VSTS.TCM.AutomationStatus": null,
        "System.History": null
      },
      "relations": [
        {
          "rel": "System.LinkTypes.Hierarchy-Reverse",
          "url": "https://dev.azure.com/SeanOBrien0625/_apis/wit/workItems/168",
          "attributes": {
            "isLocked": "false",
            "comment": "Making a new link for the dependency",
            "name": "Parent"
          }
        }
      ],
      "url": "https://dev.azure.com/SeanOBrien0625/_apis/wit/workItems/135"
    },
    {
      "id": 136,
      "rev": 1,
      "fields": {
        "System.AreaPath": "Server Migration",
        "System.TeamProject": "Server Migration",
        "System.IterationPath": "Server Migration",
        "System.WorkItemType": "Task",
        "System.State": "New",
        "System.Reason": "New",
        "System.CreatedDate": "2021-11-10T10:17:44.11Z",
        "System.CreatedBy": "Sean O'Brien <Sean.O'Brien@clouddirect.net>",
        "System.ChangedDate": "2021-11-10T10:17:44.11Z",
        "System.ChangedBy": "Sean O'Brien <Sean.O'Brien@clouddirect.net>",
        "System.Title": "Migration Strategy",
        "Microsoft.VSTS.Scheduling.Effort": 0.0,
        "System.Description": "Migration Strategy",
        "System.AssignedTo": null,
        "Microsoft.VSTS.Scheduling.RemainingWork": 0.0,
        "Microsoft.VSTS.Common.Priority": 2.0,
        "System.BoardLane": null,
        "System.Tags": null,
        "Microsoft.VSTS.TCM.Steps": null,
        "Microsoft.VSTS.TCM.Parameters": null,
        "Microsoft.VSTS.TCM.LocalDataSource": null,
        "Microsoft.VSTS.TCM.AutomationStatus": null,
        "System.History": null
      },
      "relations": [
        {
          "rel": "System.LinkTypes.Hierarchy-Reverse",
          "url": "https://dev.azure.com/SeanOBrien0625/_apis/wit/workItems/168",
          "attributes": {
            "isLocked": "false",
            "comment": "Making a new link for the dependency",
            "name": "Parent"
          }
        }
      ],
      "url": "https://dev.azure.com/SeanOBrien0625/_apis/wit/workItems/136"
    },
    {
      "id": 137,
      "rev": 1,
      "fields": {
        "System.AreaPath": "Server Migration",
        "System.TeamProject": "Server Migration",
        "System.IterationPath": "Server Migration",
        "System.WorkItemType": "Task",
        "System.State": "New",
        "System.Reason": "New",
        "System.CreatedDate": "2021-11-10T10:17:44.367Z",
        "System.CreatedBy": "Sean O'Brien <Sean.O'Brien@clouddirect.net>",
        "System.ChangedDate": "2021-11-10T10:17:44.367Z",
        "System.ChangedBy": "Sean O'Brien <Sean.O'Brien@clouddirect.net>",
        "System.Title": "Migration Pre-requirement configuration and validation",
        "Microsoft.VSTS.Scheduling.Effort": 0.0,
        "System.Description": "Migration Pre-requirement configuration and validation",
        "System.AssignedTo": null,
        "Microsoft.VSTS.Scheduling.RemainingWork": 0.0,
        "Microsoft.VSTS.Common.Priority": 2.0,
        "System.BoardLane": null,
        "System.Tags": null,
        "Microsoft.VSTS.TCM.Steps": null,
        "Microsoft.VSTS.TCM.Parameters": null,
        "Microsoft.VSTS.TCM.LocalDataSource": null,
        "Microsoft.VSTS.TCM.AutomationStatus": null,
        "System.History": null
      },
      "relations": [
        {
          "rel": "System.LinkTypes.Hierarchy-Reverse",
          "url": "https://dev.azure.com/SeanOBrien0625/_apis/wit/workItems/168",
          "attributes": {
            "isLocked": "false",
            "comment": "Making a new link for the dependency",
            "name": "Parent"
          }
        }
      ],
      "url": "https://dev.azure.com/SeanOBrien0625/_apis/wit/workItems/137"
    },
    {
      "id": 138,
      "rev": 1,
      "fields": {
        "System.AreaPath": "Server Migration",
        "System.TeamProject": "Server Migration",
        "System.IterationPath": "Server Migration",
        "System.WorkItemType": "Task",
        "System.State": "New",
        "System.Reason": "New",
        "System.CreatedDate": "2021-11-10T10:17:44.597Z",
        "System.CreatedBy": "Sean O'Brien <Sean.O'Brien@clouddirect.net>",
        "System.ChangedDate": "2021-11-10T10:17:44.597Z",
        "System.ChangedBy": "Sean O'Brien <Sean.O'Brien@clouddirect.net>",
        "System.Title": "Cost and Billing of Azure resources",
        "Microsoft.VSTS.Scheduling.Effort": 0.0,
        "System.Description": "Cost and Billing of Azure resources",
        "System.AssignedTo": null,
        "Microsoft.VSTS.Scheduling.RemainingWork": 0.0,
        "Microsoft.VSTS.Common.Priority": 2.0,
        "System.BoardLane": null,
        "System.Tags": null,
        "Microsoft.VSTS.TCM.Steps": null,
        "Microsoft.VSTS.TCM.Parameters": null,
        "Microsoft.VSTS.TCM.LocalDataSource": null,
        "Microsoft.VSTS.TCM.AutomationStatus": null,
        "System.History": null
      },
      "relations": [
        {
          "rel": "System.LinkTypes.Hierarchy-Reverse",
          "url": "https://dev.azure.com/SeanOBrien0625/_apis/wit/workItems/169",
          "attributes": {
            "isLocked": "false",
            "comment": "Making a new link for the dependency",
            "name": "Parent"
          }
        }
      ],
      "url": "https://dev.azure.com/SeanOBrien0625/_apis/wit/workItems/138"
    },
    {
      "id": 139,
      "rev": 1,
      "fields": {
        "System.AreaPath": "Server Migration",
        "System.TeamProject": "Server Migration",
        "System.IterationPath": "Server Migration",
        "System.WorkItemType": "Task",
        "System.State": "New",
        "System.Reason": "New",
        "System.CreatedDate": "2021-11-10T10:17:44.827Z",
        "System.CreatedBy": "Sean O'Brien <Sean.O'Brien@clouddirect.net>",
        "System.ChangedDate": "2021-11-10T10:17:44.827Z",
        "System.ChangedBy": "Sean O'Brien <Sean.O'Brien@clouddirect.net>",
        "System.Title": "Site-to-Site Connectivity Summary",
        "Microsoft.VSTS.Scheduling.Effort": 0.0,
        "System.Description": "Site-to-Site Connectivity Summary",
        "System.AssignedTo": null,
        "Microsoft.VSTS.Scheduling.RemainingWork": 0.0,
        "Microsoft.VSTS.Common.Priority": 2.0,
        "System.BoardLane": null,
        "System.Tags": null,
        "Microsoft.VSTS.TCM.Steps": null,
        "Microsoft.VSTS.TCM.Parameters": null,
        "Microsoft.VSTS.TCM.LocalDataSource": null,
        "Microsoft.VSTS.TCM.AutomationStatus": null,
        "System.History": null
      },
      "relations": [
        {
          "rel": "System.LinkTypes.Hierarchy-Reverse",
          "url": "https://dev.azure.com/SeanOBrien0625/_apis/wit/workItems/169",
          "attributes": {
            "isLocked": "false",
            "comment": "Making a new link for the dependency",
            "name": "Parent"
          }
        }
      ],
      "url": "https://dev.azure.com/SeanOBrien0625/_apis/wit/workItems/139"
    },
    {
      "id": 140,
      "rev": 1,
      "fields": {
        "System.AreaPath": "Server Migration",
        "System.TeamProject": "Server Migration",
        "System.IterationPath": "Server Migration",
        "System.WorkItemType": "Task",
        "System.State": "New",
        "System.Reason": "New",
        "System.CreatedDate": "2021-11-10T10:17:45.07Z",
        "System.CreatedBy": "Sean O'Brien <Sean.O'Brien@clouddirect.net>",
        "System.ChangedDate": "2021-11-10T10:17:45.07Z",
        "System.ChangedBy": "Sean O'Brien <Sean.O'Brien@clouddirect.net>",
        "System.Title": "Azure Migration Readiness",
        "Microsoft.VSTS.Scheduling.Effort": 0.0,
        "System.Description": "Azure Migration Readiness",
        "System.AssignedTo": null,
        "Microsoft.VSTS.Scheduling.RemainingWork": 0.0,
        "Microsoft.VSTS.Common.Priority": 2.0,
        "System.BoardLane": null,
        "System.Tags": null,
        "Microsoft.VSTS.TCM.Steps": null,
        "Microsoft.VSTS.TCM.Parameters": null,
        "Microsoft.VSTS.TCM.LocalDataSource": null,
        "Microsoft.VSTS.TCM.AutomationStatus": null,
        "System.History": null
      },
      "relations": [
        {
          "rel": "System.LinkTypes.Hierarchy-Reverse",
          "url": "https://dev.azure.com/SeanOBrien0625/_apis/wit/workItems/169",
          "attributes": {
            "isLocked": "false",
            "comment": "Making a new link for the dependency",
            "name": "Parent"
          }
        }
      ],
      "url": "https://dev.azure.com/SeanOBrien0625/_apis/wit/workItems/140"
    },
    {
      "id": 141,
      "rev": 1,
      "fields": {
        "System.AreaPath": "Server Migration",
        "System.TeamProject": "Server Migration",
        "System.IterationPath": "Server Migration",
        "System.WorkItemType": "Task",
        "System.State": "New",
        "System.Reason": "New",
        "System.CreatedDate": "2021-11-10T10:17:45.317Z",
        "System.CreatedBy": "Sean O'Brien <Sean.O'Brien@clouddirect.net>",
        "System.ChangedDate": "2021-11-10T10:17:45.317Z",
        "System.ChangedBy": "Sean O'Brien <Sean.O'Brien@clouddirect.net>",
        "System.Title": "Azure tools and Approaches",
        "Microsoft.VSTS.Scheduling.Effort": 0.0,
        "System.Description": "Azure tools and Approaches",
        "System.AssignedTo": null,
        "Microsoft.VSTS.Scheduling.RemainingWork": 0.0,
        "Microsoft.VSTS.Common.Priority": 2.0,
        "System.BoardLane": null,
        "System.Tags": null,
        "Microsoft.VSTS.TCM.Steps": null,
        "Microsoft.VSTS.TCM.Parameters": null,
        "Microsoft.VSTS.TCM.LocalDataSource": null,
        "Microsoft.VSTS.TCM.AutomationStatus": null,
        "System.History": null
      },
      "relations": [
        {
          "rel": "System.LinkTypes.Hierarchy-Reverse",
          "url": "https://dev.azure.com/SeanOBrien0625/_apis/wit/workItems/169",
          "attributes": {
            "isLocked": "false",
            "comment": "Making a new link for the dependency",
            "name": "Parent"
          }
        }
      ],
      "url": "https://dev.azure.com/SeanOBrien0625/_apis/wit/workItems/141"
    },
    {
      "id": 142,
      "rev": 1,
      "fields": {
        "System.AreaPath": "Server Migration",
        "System.TeamProject": "Server Migration",
        "System.IterationPath": "Server Migration",
        "System.WorkItemType": "Task",
        "System.State": "New",
        "System.Reason": "New",
        "System.CreatedDate": "2021-11-10T10:17:45.56Z",
        "System.CreatedBy": "Sean O'Brien <Sean.O'Brien@clouddirect.net>",
        "System.ChangedDate": "2021-11-10T10:17:45.56Z",
        "System.ChangedBy": "Sean O'Brien <Sean.O'Brien@clouddirect.net>",
        "System.Title": "Managing Access",
        "Microsoft.VSTS.Scheduling.Effort": 0.0,
        "System.Description": "Managing Access",
        "System.AssignedTo": null,
        "Microsoft.VSTS.Scheduling.RemainingWork": 0.0,
        "Microsoft.VSTS.Common.Priority": 2.0,
        "System.BoardLane": null,
        "System.Tags": null,
        "Microsoft.VSTS.TCM.Steps": null,
        "Microsoft.VSTS.TCM.Parameters": null,
        "Microsoft.VSTS.TCM.LocalDataSource": null,
        "Microsoft.VSTS.TCM.AutomationStatus": null,
        "System.History": null
      },
      "relations": [
        {
          "rel": "System.LinkTypes.Hierarchy-Reverse",
          "url": "https://dev.azure.com/SeanOBrien0625/_apis/wit/workItems/169",
          "attributes": {
            "isLocked": "false",
            "comment": "Making a new link for the dependency",
            "name": "Parent"
          }
        }
      ],
      "url": "https://dev.azure.com/SeanOBrien0625/_apis/wit/workItems/142"
    },
    {
      "id": 143,
      "rev": 1,
      "fields": {
        "System.AreaPath": "Server Migration",
        "System.TeamProject": "Server Migration",
        "System.IterationPath": "Server Migration",
        "System.WorkItemType": "Task",
        "System.State": "New",
        "System.Reason": "New",
        "System.CreatedDate": "2021-11-10T10:17:45.8Z",
        "System.CreatedBy": "Sean O'Brien <Sean.O'Brien@clouddirect.net>",
        "System.ChangedDate": "2021-11-10T10:17:45.8Z",
        "System.ChangedBy": "Sean O'Brien <Sean.O'Brien@clouddirect.net>",
        "System.Title": "Azure Role Based Access",
        "Microsoft.VSTS.Scheduling.Effort": 0.0,
        "System.Description": "Azure Role Based Access",
        "System.AssignedTo": null,
        "Microsoft.VSTS.Scheduling.RemainingWork": 0.0,
        "Microsoft.VSTS.Common.Priority": 2.0,
        "System.BoardLane": null,
        "System.Tags": null,
        "Microsoft.VSTS.TCM.Steps": null,
        "Microsoft.VSTS.TCM.Parameters": null,
        "Microsoft.VSTS.TCM.LocalDataSource": null,
        "Microsoft.VSTS.TCM.AutomationStatus": null,
        "System.History": null
      },
      "relations": [
        {
          "rel": "System.LinkTypes.Hierarchy-Reverse",
          "url": "https://dev.azure.com/SeanOBrien0625/_apis/wit/workItems/169",
          "attributes": {
            "isLocked": "false",
            "comment": "Making a new link for the dependency",
            "name": "Parent"
          }
        }
      ],
      "url": "https://dev.azure.com/SeanOBrien0625/_apis/wit/workItems/143"
    },
    {
      "id": 144,
      "rev": 1,
      "fields": {
        "System.AreaPath": "Server Migration",
        "System.TeamProject": "Server Migration",
        "System.IterationPath": "Server Migration",
        "System.WorkItemType": "Task",
        "System.State": "New",
        "System.Reason": "New",
        "System.CreatedDate": "2021-11-10T10:17:46.117Z",
        "System.CreatedBy": "Sean O'Brien <Sean.O'Brien@clouddirect.net>",
        "System.ChangedDate": "2021-11-10T10:17:46.117Z",
        "System.ChangedBy": "Sean O'Brien <Sean.O'Brien@clouddirect.net>",
        "System.Title": "Azure Subscription target",
        "Microsoft.VSTS.Scheduling.Effort": 0.0,
        "System.Description": "Azure Subscription target",
        "System.AssignedTo": null,
        "Microsoft.VSTS.Scheduling.RemainingWork": 0.0,
        "Microsoft.VSTS.Common.Priority": 2.0,
        "System.BoardLane": null,
        "System.Tags": null,
        "Microsoft.VSTS.TCM.Steps": null,
        "Microsoft.VSTS.TCM.Parameters": null,
        "Microsoft.VSTS.TCM.LocalDataSource": null,
        "Microsoft.VSTS.TCM.AutomationStatus": null,
        "System.History": null
      },
      "relations": [
        {
          "rel": "System.LinkTypes.Hierarchy-Reverse",
          "url": "https://dev.azure.com/SeanOBrien0625/_apis/wit/workItems/169",
          "attributes": {
            "isLocked": "false",
            "comment": "Making a new link for the dependency",
            "name": "Parent"
          }
        }
      ],
      "url": "https://dev.azure.com/SeanOBrien0625/_apis/wit/workItems/144"
    },
    {
      "id": 145,
      "rev": 1,
      "fields": {
        "System.AreaPath": "Server Migration",
        "System.TeamProject": "Server Migration",
        "System.IterationPath": "Server Migration",
        "System.WorkItemType": "Task",
        "System.State": "New",
        "System.Reason": "New",
        "System.CreatedDate": "2021-11-10T10:17:46.36Z",
        "System.CreatedBy": "Sean O'Brien <Sean.O'Brien@clouddirect.net>",
        "System.ChangedDate": "2021-11-10T10:17:46.36Z",
        "System.ChangedBy": "Sean O'Brien <Sean.O'Brien@clouddirect.net>",
        "System.Title": "Azure Cloud Resources",
        "Microsoft.VSTS.Scheduling.Effort": 0.0,
        "System.Description": "Azure Cloud Resources",
        "System.AssignedTo": null,
        "Microsoft.VSTS.Scheduling.RemainingWork": 0.0,
        "Microsoft.VSTS.Common.Priority": 2.0,
        "System.BoardLane": null,
        "System.Tags": null,
        "Microsoft.VSTS.TCM.Steps": null,
        "Microsoft.VSTS.TCM.Parameters": null,
        "Microsoft.VSTS.TCM.LocalDataSource": null,
        "Microsoft.VSTS.TCM.AutomationStatus": null,
        "System.History": null
      },
      "relations": [
        {
          "rel": "System.LinkTypes.Hierarchy-Reverse",
          "url": "https://dev.azure.com/SeanOBrien0625/_apis/wit/workItems/169",
          "attributes": {
            "isLocked": "false",
            "comment": "Making a new link for the dependency",
            "name": "Parent"
          }
        }
      ],
      "url": "https://dev.azure.com/SeanOBrien0625/_apis/wit/workItems/145"
    },
    {
      "id": 146,
      "rev": 1,
      "fields": {
        "System.AreaPath": "Server Migration",
        "System.TeamProject": "Server Migration",
        "System.IterationPath": "Server Migration",
        "System.WorkItemType": "Task",
        "System.State": "New",
        "System.Reason": "New",
        "System.CreatedDate": "2021-11-10T10:17:46.597Z",
        "System.CreatedBy": "Sean O'Brien <Sean.O'Brien@clouddirect.net>",
        "System.ChangedDate": "2021-11-10T10:17:46.597Z",
        "System.ChangedBy": "Sean O'Brien <Sean.O'Brien@clouddirect.net>",
        "System.Title": "Azure Setup and Configuration",
        "Microsoft.VSTS.Scheduling.Effort": 0.0,
        "System.Description": "Azure Setup and Configuration",
        "System.AssignedTo": null,
        "Microsoft.VSTS.Scheduling.RemainingWork": 0.0,
        "Microsoft.VSTS.Common.Priority": 2.0,
        "System.BoardLane": null,
        "System.Tags": null,
        "Microsoft.VSTS.TCM.Steps": null,
        "Microsoft.VSTS.TCM.Parameters": null,
        "Microsoft.VSTS.TCM.LocalDataSource": null,
        "Microsoft.VSTS.TCM.AutomationStatus": null,
        "System.History": null
      },
      "relations": [
        {
          "rel": "System.LinkTypes.Hierarchy-Reverse",
          "url": "https://dev.azure.com/SeanOBrien0625/_apis/wit/workItems/169",
          "attributes": {
            "isLocked": "false",
            "comment": "Making a new link for the dependency",
            "name": "Parent"
          }
        }
      ],
      "url": "https://dev.azure.com/SeanOBrien0625/_apis/wit/workItems/146"
    },
    {
      "id": 147,
      "rev": 1,
      "fields": {
        "System.AreaPath": "Server Migration",
        "System.TeamProject": "Server Migration",
        "System.IterationPath": "Server Migration",
        "System.WorkItemType": "Task",
        "System.State": "New",
        "System.Reason": "New",
        "System.CreatedDate": "2021-11-10T10:17:46.88Z",
        "System.CreatedBy": "Sean O'Brien <Sean.O'Brien@clouddirect.net>",
        "System.ChangedDate": "2021-11-10T10:17:46.88Z",
        "System.ChangedBy": "Sean O'Brien <Sean.O'Brien@clouddirect.net>",
        "System.Title": "Prep on-prem Infrastructure",
        "Microsoft.VSTS.Scheduling.Effort": 0.0,
        "System.Description": "Prep on-prem Infrastructure",
        "System.AssignedTo": null,
        "Microsoft.VSTS.Scheduling.RemainingWork": 0.0,
        "Microsoft.VSTS.Common.Priority": 2.0,
        "System.BoardLane": null,
        "System.Tags": null,
        "Microsoft.VSTS.TCM.Steps": null,
        "Microsoft.VSTS.TCM.Parameters": null,
        "Microsoft.VSTS.TCM.LocalDataSource": null,
        "Microsoft.VSTS.TCM.AutomationStatus": null,
        "System.History": null
      },
      "relations": [
        {
          "rel": "System.LinkTypes.Hierarchy-Reverse",
          "url": "https://dev.azure.com/SeanOBrien0625/_apis/wit/workItems/169",
          "attributes": {
            "isLocked": "false",
            "comment": "Making a new link for the dependency",
            "name": "Parent"
          }
        }
      ],
      "url": "https://dev.azure.com/SeanOBrien0625/_apis/wit/workItems/147"
    },
    {
      "id": 148,
      "rev": 1,
      "fields": {
        "System.AreaPath": "Server Migration",
        "System.TeamProject": "Server Migration",
        "System.IterationPath": "Server Migration",
        "System.WorkItemType": "Task",
        "System.State": "New",
        "System.Reason": "New",
        "System.CreatedDate": "2021-11-10T10:17:47.117Z",
        "System.CreatedBy": "Sean O'Brien <Sean.O'Brien@clouddirect.net>",
        "System.ChangedDate": "2021-11-10T10:17:47.117Z",
        "System.ChangedBy": "Sean O'Brien <Sean.O'Brien@clouddirect.net>",
        "System.Title": "Create Pre-configuration documentation and Change Request",
        "Microsoft.VSTS.Scheduling.Effort": 0.0,
        "System.Description": "Create Pre-configuration documentation and Change Request",
        "System.AssignedTo": null,
        "Microsoft.VSTS.Scheduling.RemainingWork": 0.0,
        "Microsoft.VSTS.Common.Priority": 2.0,
        "System.BoardLane": null,
        "System.Tags": null,
        "Microsoft.VSTS.TCM.Steps": null,
        "Microsoft.VSTS.TCM.Parameters": null,
        "Microsoft.VSTS.TCM.LocalDataSource": null,
        "Microsoft.VSTS.TCM.AutomationStatus": null,
        "System.History": null
      },
      "relations": [
        {
          "rel": "System.LinkTypes.Hierarchy-Reverse",
          "url": "https://dev.azure.com/SeanOBrien0625/_apis/wit/workItems/169",
          "attributes": {
            "isLocked": "false",
            "comment": "Making a new link for the dependency",
            "name": "Parent"
          }
        }
      ],
      "url": "https://dev.azure.com/SeanOBrien0625/_apis/wit/workItems/148"
    },
    {
      "id": 149,
      "rev": 1,
      "fields": {
        "System.AreaPath": "Server Migration",
        "System.TeamProject": "Server Migration",
        "System.IterationPath": "Server Migration",
        "System.WorkItemType": "Task",
        "System.State": "New",
        "System.Reason": "New",
        "System.CreatedDate": "2021-11-10T10:17:47.37Z",
        "System.CreatedBy": "Sean O'Brien <Sean.O'Brien@clouddirect.net>",
        "System.ChangedDate": "2021-11-10T10:17:47.37Z",
        "System.ChangedBy": "Sean O'Brien <Sean.O'Brien@clouddirect.net>",
        "System.Title": "Develop Cloud Adoption plan",
        "Microsoft.VSTS.Scheduling.Effort": 0.0,
        "System.Description": "Develop Cloud Adoption plan",
        "System.AssignedTo": null,
        "Microsoft.VSTS.Scheduling.RemainingWork": 0.0,
        "Microsoft.VSTS.Common.Priority": 2.0,
        "System.BoardLane": null,
        "System.Tags": null,
        "Microsoft.VSTS.TCM.Steps": null,
        "Microsoft.VSTS.TCM.Parameters": null,
        "Microsoft.VSTS.TCM.LocalDataSource": null,
        "Microsoft.VSTS.TCM.AutomationStatus": null,
        "System.History": null
      },
      "relations": [
        {
          "rel": "System.LinkTypes.Hierarchy-Reverse",
          "url": "https://dev.azure.com/SeanOBrien0625/_apis/wit/workItems/170",
          "attributes": {
            "isLocked": "false",
            "comment": "Making a new link for the dependency",
            "name": "Parent"
          }
        }
      ],
      "url": "https://dev.azure.com/SeanOBrien0625/_apis/wit/workItems/149"
    },
    {
      "id": 150,
      "rev": 1,
      "fields": {
        "System.AreaPath": "Server Migration",
        "System.TeamProject": "Server Migration",
        "System.IterationPath": "Server Migration",
        "System.WorkItemType": "Task",
        "System.State": "New",
        "System.Reason": "New",
        "System.CreatedDate": "2021-11-10T10:17:47.607Z",
        "System.CreatedBy": "Sean O'Brien <Sean.O'Brien@clouddirect.net>",
        "System.ChangedDate": "2021-11-10T10:17:47.607Z",
        "System.ChangedBy": "Sean O'Brien <Sean.O'Brien@clouddirect.net>",
        "System.Title": "Businesss logic and Infrastructure dependencies",
        "Microsoft.VSTS.Scheduling.Effort": 0.0,
        "System.Description": "Businesss logic and Infrastructure dependencies",
        "System.AssignedTo": null,
        "Microsoft.VSTS.Scheduling.RemainingWork": 0.0,
        "Microsoft.VSTS.Common.Priority": 2.0,
        "System.BoardLane": null,
        "System.Tags": null,
        "Microsoft.VSTS.TCM.Steps": null,
        "Microsoft.VSTS.TCM.Parameters": null,
        "Microsoft.VSTS.TCM.LocalDataSource": null,
        "Microsoft.VSTS.TCM.AutomationStatus": null,
        "System.History": null
      },
      "relations": [
        {
          "rel": "System.LinkTypes.Hierarchy-Reverse",
          "url": "https://dev.azure.com/SeanOBrien0625/_apis/wit/workItems/170",
          "attributes": {
            "isLocked": "false",
            "comment": "Making a new link for the dependency",
            "name": "Parent"
          }
        }
      ],
      "url": "https://dev.azure.com/SeanOBrien0625/_apis/wit/workItems/150"
    },
    {
      "id": 151,
      "rev": 1,
      "fields": {
        "System.AreaPath": "Server Migration",
        "System.TeamProject": "Server Migration",
        "System.IterationPath": "Server Migration",
        "System.WorkItemType": "Task",
        "System.State": "New",
        "System.Reason": "New",
        "System.CreatedDate": "2021-11-10T10:17:47.887Z",
        "System.CreatedBy": "Sean O'Brien <Sean.O'Brien@clouddirect.net>",
        "System.ChangedDate": "2021-11-10T10:17:47.887Z",
        "System.ChangedBy": "Sean O'Brien <Sean.O'Brien@clouddirect.net>",
        "System.Title": "Data requirement and Classification",
        "Microsoft.VSTS.Scheduling.Effort": 0.0,
        "System.Description": "Data requirement and Classification",
        "System.AssignedTo": null,
        "Microsoft.VSTS.Scheduling.RemainingWork": 0.0,
        "Microsoft.VSTS.Common.Priority": 2.0,
        "System.BoardLane": null,
        "System.Tags": null,
        "Microsoft.VSTS.TCM.Steps": null,
        "Microsoft.VSTS.TCM.Parameters": null,
        "Microsoft.VSTS.TCM.LocalDataSource": null,
        "Microsoft.VSTS.TCM.AutomationStatus": null,
        "System.History": null
      },
      "relations": [
        {
          "rel": "System.LinkTypes.Hierarchy-Reverse",
          "url": "https://dev.azure.com/SeanOBrien0625/_apis/wit/workItems/170",
          "attributes": {
            "isLocked": "false",
            "comment": "Making a new link for the dependency",
            "name": "Parent"
          }
        }
      ],
      "url": "https://dev.azure.com/SeanOBrien0625/_apis/wit/workItems/151"
    },
    {
      "id": 152,
      "rev": 1,
      "fields": {
        "System.AreaPath": "Server Migration",
        "System.TeamProject": "Server Migration",
        "System.IterationPath": "Server Migration",
        "System.WorkItemType": "Task",
        "System.State": "New",
        "System.Reason": "New",
        "System.CreatedDate": "2021-11-10T10:17:48.13Z",
        "System.CreatedBy": "Sean O'Brien <Sean.O'Brien@clouddirect.net>",
        "System.ChangedDate": "2021-11-10T10:17:48.13Z",
        "System.ChangedBy": "Sean O'Brien <Sean.O'Brien@clouddirect.net>",
        "System.Title": "Skills Readiness and Role Based Responsibilities",
        "Microsoft.VSTS.Scheduling.Effort": 0.0,
        "System.Description": "Skills Readiness and Role Based Responsibilities",
        "System.AssignedTo": null,
        "Microsoft.VSTS.Scheduling.RemainingWork": 0.0,
        "Microsoft.VSTS.Common.Priority": 2.0,
        "System.BoardLane": null,
        "System.Tags": null,
        "Microsoft.VSTS.TCM.Steps": null,
        "Microsoft.VSTS.TCM.Parameters": null,
        "Microsoft.VSTS.TCM.LocalDataSource": null,
        "Microsoft.VSTS.TCM.AutomationStatus": null,
        "System.History": null
      },
      "relations": [
        {
          "rel": "System.LinkTypes.Hierarchy-Reverse",
          "url": "https://dev.azure.com/SeanOBrien0625/_apis/wit/workItems/170",
          "attributes": {
            "isLocked": "false",
            "comment": "Making a new link for the dependency",
            "name": "Parent"
          }
        }
      ],
      "url": "https://dev.azure.com/SeanOBrien0625/_apis/wit/workItems/152"
    },
    {
      "id": 153,
      "rev": 1,
      "fields": {
        "System.AreaPath": "Server Migration",
        "System.TeamProject": "Server Migration",
        "System.IterationPath": "Server Migration",
        "System.WorkItemType": "Task",
        "System.State": "New",
        "System.Reason": "New",
        "System.CreatedDate": "2021-11-10T10:17:48.357Z",
        "System.CreatedBy": "Sean O'Brien <Sean.O'Brien@clouddirect.net>",
        "System.ChangedDate": "2021-11-10T10:17:48.357Z",
        "System.ChangedBy": "Sean O'Brien <Sean.O'Brien@clouddirect.net>",
        "System.Title": "Organizational alignment to support the Adaption plan",
        "Microsoft.VSTS.Scheduling.Effort": 0.0,
        "System.Description": "Organizational alignment to support the Adaption plan",
        "System.AssignedTo": null,
        "Microsoft.VSTS.Scheduling.RemainingWork": 0.0,
        "Microsoft.VSTS.Common.Priority": 2.0,
        "System.BoardLane": null,
        "System.Tags": null,
        "Microsoft.VSTS.TCM.Steps": null,
        "Microsoft.VSTS.TCM.Parameters": null,
        "Microsoft.VSTS.TCM.LocalDataSource": null,
        "Microsoft.VSTS.TCM.AutomationStatus": null,
        "System.History": null
      },
      "relations": [
        {
          "rel": "System.LinkTypes.Hierarchy-Reverse",
          "url": "https://dev.azure.com/SeanOBrien0625/_apis/wit/workItems/170",
          "attributes": {
            "isLocked": "false",
            "comment": "Making a new link for the dependency",
            "name": "Parent"
          }
        }
      ],
      "url": "https://dev.azure.com/SeanOBrien0625/_apis/wit/workItems/153"
    },
    {
      "id": 154,
      "rev": 1,
      "fields": {
        "System.AreaPath": "Server Migration",
        "System.TeamProject": "Server Migration",
        "System.IterationPath": "Server Migration",
        "System.WorkItemType": "Task",
        "System.State": "New",
        "System.Reason": "New",
        "System.CreatedDate": "2021-11-10T10:17:48.597Z",
        "System.CreatedBy": "Sean O'Brien <Sean.O'Brien@clouddirect.net>",
        "System.ChangedDate": "2021-11-10T10:17:48.597Z",
        "System.ChangedBy": "Sean O'Brien <Sean.O'Brien@clouddirect.net>",
        "System.Title": "Planning, Assessement & Desiging review and SignOff",
        "Microsoft.VSTS.Scheduling.Effort": 0.0,
        "System.Description": "Planning, Assessement &amp; Desiging review and SignOff",
        "System.AssignedTo": null,
        "Microsoft.VSTS.Scheduling.RemainingWork": 0.0,
        "Microsoft.VSTS.Common.Priority": 2.0,
        "System.BoardLane": null,
        "System.Tags": null,
        "Microsoft.VSTS.TCM.Steps": null,
        "Microsoft.VSTS.TCM.Parameters": null,
        "Microsoft.VSTS.TCM.LocalDataSource": null,
        "Microsoft.VSTS.TCM.AutomationStatus": null,
        "System.History": null
      },
      "relations": [
        {
          "rel": "System.LinkTypes.Hierarchy-Reverse",
          "url": "https://dev.azure.com/SeanOBrien0625/_apis/wit/workItems/171",
          "attributes": {
            "isLocked": "false",
            "comment": "Making a new link for the dependency",
            "name": "Parent"
          }
        }
      ],
      "url": "https://dev.azure.com/SeanOBrien0625/_apis/wit/workItems/154"
    },
    {
      "id": 155,
      "rev": 1,
      "fields": {
        "System.AreaPath": "Server Migration",
        "System.TeamProject": "Server Migration",
        "System.IterationPath": "Server Migration",
        "System.WorkItemType": "Task",
        "System.State": "New",
        "System.Reason": "New",
        "System.CreatedDate": "2021-11-10T10:17:48.837Z",
        "System.CreatedBy": "Sean O'Brien <Sean.O'Brien@clouddirect.net>",
        "System.ChangedDate": "2021-11-10T10:17:48.837Z",
        "System.ChangedBy": "Sean O'Brien <Sean.O'Brien@clouddirect.net>",
        "System.Title": "Security and Tisk Assessment",
        "Microsoft.VSTS.Scheduling.Effort": 0.0,
        "System.Description": "Security and Tisk Assessment",
        "System.AssignedTo": null,
        "Microsoft.VSTS.Scheduling.RemainingWork": 0.0,
        "Microsoft.VSTS.Common.Priority": 2.0,
        "System.BoardLane": null,
        "System.Tags": null,
        "Microsoft.VSTS.TCM.Steps": null,
        "Microsoft.VSTS.TCM.Parameters": null,
        "Microsoft.VSTS.TCM.LocalDataSource": null,
        "Microsoft.VSTS.TCM.AutomationStatus": null,
        "System.History": null
      },
      "relations": [
        {
          "rel": "System.LinkTypes.Hierarchy-Reverse",
          "url": "https://dev.azure.com/SeanOBrien0625/_apis/wit/workItems/171",
          "attributes": {
            "isLocked": "false",
            "comment": "Making a new link for the dependency",
            "name": "Parent"
          }
        }
      ],
      "url": "https://dev.azure.com/SeanOBrien0625/_apis/wit/workItems/155"
    },
    {
      "id": 156,
      "rev": 1,
      "fields": {
        "System.AreaPath": "Server Migration",
        "System.TeamProject": "Server Migration",
        "System.IterationPath": "Server Migration",
        "System.WorkItemType": "Task",
        "System.State": "New",
        "System.Reason": "New",
        "System.CreatedDate": "2021-11-10T10:17:49.083Z",
        "System.CreatedBy": "Sean O'Brien <Sean.O'Brien@clouddirect.net>",
        "System.ChangedDate": "2021-11-10T10:17:49.083Z",
        "System.ChangedBy": "Sean O'Brien <Sean.O'Brien@clouddirect.net>",
        "System.Title": "Network Topology Desiging",
        "Microsoft.VSTS.Scheduling.Effort": 0.0,
        "System.Description": "Network Topology Desiging",
        "System.AssignedTo": null,
        "Microsoft.VSTS.Scheduling.RemainingWork": 0.0,
        "Microsoft.VSTS.Common.Priority": 2.0,
        "System.BoardLane": null,
        "System.Tags": null,
        "Microsoft.VSTS.TCM.Steps": null,
        "Microsoft.VSTS.TCM.Parameters": null,
        "Microsoft.VSTS.TCM.LocalDataSource": null,
        "Microsoft.VSTS.TCM.AutomationStatus": null,
        "System.History": null
      },
      "relations": [
        {
          "rel": "System.LinkTypes.Hierarchy-Reverse",
          "url": "https://dev.azure.com/SeanOBrien0625/_apis/wit/workItems/171",
          "attributes": {
            "isLocked": "false",
            "comment": "Making a new link for the dependency",
            "name": "Parent"
          }
        }
      ],
      "url": "https://dev.azure.com/SeanOBrien0625/_apis/wit/workItems/156"
    },
    {
      "id": 157,
      "rev": 1,
      "fields": {
        "System.AreaPath": "Server Migration",
        "System.TeamProject": "Server Migration",
        "System.IterationPath": "Server Migration",
        "System.WorkItemType": "Task",
        "System.State": "New",
        "System.Reason": "New",
        "System.CreatedDate": "2021-11-10T10:17:49.327Z",
        "System.CreatedBy": "Sean O'Brien <Sean.O'Brien@clouddirect.net>",
        "System.ChangedDate": "2021-11-10T10:17:49.327Z",
        "System.ChangedBy": "Sean O'Brien <Sean.O'Brien@clouddirect.net>",
        "System.Title": "Detailed migration plan and effort documentation",
        "Microsoft.VSTS.Scheduling.Effort": 0.0,
        "System.Description": "Detailed migration plan and effort documentation",
        "System.AssignedTo": null,
        "Microsoft.VSTS.Scheduling.RemainingWork": 0.0,
        "Microsoft.VSTS.Common.Priority": 2.0,
        "System.BoardLane": null,
        "System.Tags": null,
        "Microsoft.VSTS.TCM.Steps": null,
        "Microsoft.VSTS.TCM.Parameters": null,
        "Microsoft.VSTS.TCM.LocalDataSource": null,
        "Microsoft.VSTS.TCM.AutomationStatus": null,
        "System.History": null
      },
      "relations": [
        {
          "rel": "System.LinkTypes.Hierarchy-Reverse",
          "url": "https://dev.azure.com/SeanOBrien0625/_apis/wit/workItems/171",
          "attributes": {
            "isLocked": "false",
            "comment": "Making a new link for the dependency",
            "name": "Parent"
          }
        }
      ],
      "url": "https://dev.azure.com/SeanOBrien0625/_apis/wit/workItems/157"
    },
    {
      "id": 158,
      "rev": 1,
      "fields": {
        "System.AreaPath": "Server Migration",
        "System.TeamProject": "Server Migration",
        "System.IterationPath": "Server Migration",
        "System.WorkItemType": "Task",
        "System.State": "New",
        "System.Reason": "New",
        "System.CreatedDate": "2021-11-10T10:17:49.577Z",
        "System.CreatedBy": "Sean O'Brien <Sean.O'Brien@clouddirect.net>",
        "System.ChangedDate": "2021-11-10T10:17:49.577Z",
        "System.ChangedBy": "Sean O'Brien <Sean.O'Brien@clouddirect.net>",
        "System.Title": "Inventory and Rationalize Digital Estate",
        "Microsoft.VSTS.Scheduling.Effort": 0.0,
        "System.Description": "Inventory and Rationalize Digital Estate",
        "System.AssignedTo": null,
        "Microsoft.VSTS.Scheduling.RemainingWork": 0.0,
        "Microsoft.VSTS.Common.Priority": 2.0,
        "System.BoardLane": null,
        "System.Tags": null,
        "Microsoft.VSTS.TCM.Steps": null,
        "Microsoft.VSTS.TCM.Parameters": null,
        "Microsoft.VSTS.TCM.LocalDataSource": null,
        "Microsoft.VSTS.TCM.AutomationStatus": null,
        "System.History": null
      },
      "relations": [
        {
          "rel": "System.LinkTypes.Hierarchy-Reverse",
          "url": "https://dev.azure.com/SeanOBrien0625/_apis/wit/workItems/172",
          "attributes": {
            "isLocked": "false",
            "comment": "Making a new link for the dependency",
            "name": "Parent"
          }
        }
      ],
      "url": "https://dev.azure.com/SeanOBrien0625/_apis/wit/workItems/158"
    },
    {
      "id": 159,
      "rev": 1,
      "fields": {
        "System.AreaPath": "Server Migration",
        "System.TeamProject": "Server Migration",
        "System.IterationPath": "Server Migration",
        "System.WorkItemType": "Task",
        "System.State": "New",
        "System.Reason": "New",
        "System.CreatedDate": "2021-11-10T10:17:49.84Z",
        "System.CreatedBy": "Sean O'Brien <Sean.O'Brien@clouddirect.net>",
        "System.ChangedDate": "2021-11-10T10:17:49.84Z",
        "System.ChangedBy": "Sean O'Brien <Sean.O'Brien@clouddirect.net>",
        "System.Title": "Define Strategy CAF Plan Template",
        "Microsoft.VSTS.Scheduling.Effort": 0.0,
        "System.Description": "Define Strategy CAF Plan Template",
        "System.AssignedTo": null,
        "Microsoft.VSTS.Scheduling.RemainingWork": 0.0,
        "Microsoft.VSTS.Common.Priority": 2.0,
        "System.BoardLane": null,
        "System.Tags": null,
        "Microsoft.VSTS.TCM.Steps": null,
        "Microsoft.VSTS.TCM.Parameters": null,
        "Microsoft.VSTS.TCM.LocalDataSource": null,
        "Microsoft.VSTS.TCM.AutomationStatus": null,
        "System.History": null
      },
      "relations": [
        {
          "rel": "System.LinkTypes.Hierarchy-Reverse",
          "url": "https://dev.azure.com/SeanOBrien0625/_apis/wit/workItems/172",
          "attributes": {
            "isLocked": "false",
            "comment": "Making a new link for the dependency",
            "name": "Parent"
          }
        }
      ],
      "url": "https://dev.azure.com/SeanOBrien0625/_apis/wit/workItems/159"
    }
  ],
  "HttpStatusCode": 0,
  "Message": null
}