{
  "count": 13,
  "value": [
    {
      "id": 160,
      "rev": 1,
      "fields": {
        "System.AreaPath": "Server Migration",
        "System.TeamProject": "Server Migration",
        "System.IterationPath": "Server Migration",
        "System.WorkItemType": "User Story",
        "System.State": "New",
        "System.Reason": "New",
        "System.CreatedDate": "2021-11-10T10:17:50.087Z",
        "System.CreatedBy": "Sean O'Brien <Sean.O'Brien@clouddirect.net>",
        "System.ChangedDate": "2021-11-10T10:17:50.087Z",
        "System.ChangedBy": "Sean O'Brien <Sean.O'Brien@clouddirect.net>",
        "System.Title": "CAF Server Migration Project Review and Clouser",
        "Microsoft.VSTS.Scheduling.Effort": 0.0,
        "System.Description": "CAF Server Migration Project Review and Clouser",
        "System.AssignedTo": null,
        "Microsoft.VSTS.Scheduling.RemainingWork": 0.0,
        "Microsoft.VSTS.Common.Priority": 2.0,
        "System.BoardLane": null,
        "System.Tags": null,
        "Microsoft.VSTS.TCM.Steps": null,
        "Microsoft.VSTS.TCM.Parameters": null,
        "Microsoft.VSTS.TCM.LocalDataSource": null,
        "Microsoft.VSTS.TCM.AutomationStatus": null,
        "System.History": null
      },
      "relations": [
        {
          "rel": "System.LinkTypes.Hierarchy-Reverse",
          "url": "https://dev.azure.com/SeanOBrien0625/_apis/wit/workItems/97",
          "attributes": {
            "isLocked": "false",
            "comment": "Making a new link for the dependency",
            "name": "Parent"
          }
        },
        {
          "rel": "System.LinkTypes.Hierarchy-Forward",
          "url": "https://dev.azure.com/SeanOBrien0625/_apis/wit/workItems/102",
          "attributes": {
            "isLocked": "false",
            "comment": "Making a new link for the dependency",
            "name": "Child"
          }
        },
        {
          "rel": "System.LinkTypes.Hierarchy-Forward",
          "url": "https://dev.azure.com/SeanOBrien0625/_apis/wit/workItems/104",
          "attributes": {
            "isLocked": "false",
            "comment": "Making a new link for the dependency",
            "name": "Child"
          }
        },
        {
          "rel": "System.LinkTypes.Hierarchy-Forward",
          "url": "https://dev.azure.com/SeanOBrien0625/_apis/wit/workItems/105",
          "attributes": {
            "isLocked": "false",
            "comment": "Making a new link for the dependency",
            "name": "Child"
          }
        },
        {
          "rel": "System.LinkTypes.Hierarchy-Forward",
          "url": "https://dev.azure.com/SeanOBrien0625/_apis/wit/workItems/103",
          "attributes": {
            "isLocked": "false",
            "comment": "Making a new link for the dependency",
            "name": "Child"
          }
        }
      ],
      "url": "https://dev.azure.com/SeanOBrien0625/_apis/wit/workItems/160"
    },
    {
      "id": 161,
      "rev": 2,
      "fields": {
        "System.AreaPath": "Server Migration",
        "System.TeamProject": "Server Migration",
        "System.IterationPath": "Server Migration",
        "System.WorkItemType": "User Story",
        "System.State": "New",
        "System.Reason": "New",
        "System.CreatedDate": "2021-11-10T10:17:50.337Z",
        "System.CreatedBy": "Sean O'Brien <Sean.O'Brien@clouddirect.net>",
        "System.ChangedDate": "2021-11-10T12:40:35.12Z",
        "System.ChangedBy": "Sean O'Brien <Sean.O'Brien@clouddirect.net>",
        "System.Title": "Monitoring and Reporting",
        "Microsoft.VSTS.Scheduling.Effort": 0.0,
        "System.Description": "Monitoring and Reporting",
        "System.AssignedTo": null,
        "Microsoft.VSTS.Scheduling.RemainingWork": 0.0,
        "Microsoft.VSTS.Common.Priority": 2.0,
        "System.BoardLane": null,
        "System.Tags": null,
        "Microsoft.VSTS.TCM.Steps": null,
        "Microsoft.VSTS.TCM.Parameters": null,
        "Microsoft.VSTS.TCM.LocalDataSource": null,
        "Microsoft.VSTS.TCM.AutomationStatus": null,
        "System.History": null
      },
      "relations": [
        {
          "rel": "System.LinkTypes.Hierarchy-Forward",
          "url": "https://dev.azure.com/SeanOBrien0625/_apis/wit/workItems/106",
          "attributes": {
            "isLocked": "false",
            "comment": "Making a new link for the dependency",
            "name": "Child"
          }
        },
        {
          "rel": "System.LinkTypes.Hierarchy-Forward",
          "url": "https://dev.azure.com/SeanOBrien0625/_apis/wit/workItems/107",
          "attributes": {
            "isLocked": "false",
            "comment": "Making a new link for the dependency",
            "name": "Child"
          }
        },
        {
          "rel": "System.LinkTypes.Hierarchy-Forward",
          "url": "https://dev.azure.com/SeanOBrien0625/_apis/wit/workItems/109",
          "attributes": {
            "isLocked": "false",
            "comment": "Making a new link for the dependency",
            "name": "Child"
          }
        },
        {
          "rel": "System.LinkTypes.Hierarchy-Forward",
          "url": "https://dev.azure.com/SeanOBrien0625/_apis/wit/workItems/108",
          "attributes": {
            "isLocked": "false",
            "comment": "Making a new link for the dependency",
            "name": "Child"
          }
        },
        {
          "rel": "System.LinkTypes.Hierarchy-Reverse",
          "url": "https://dev.azure.com/SeanOBrien0625/_apis/wit/workItems/98",
          "attributes": {
            "isLocked": "false",
            "comment": "Making a new link for the dependency",
            "name": "Parent"
          }
        }
      ],
      "url": "https://dev.azure.com/SeanOBrien0625/_apis/wit/workItems/161"
    },
    {
      "id": 162,
      "rev": 2,
      "fields": {
        "System.AreaPath": "Server Migration",
        "System.TeamProject": "Server Migration",
        "System.IterationPath": "Server Migration",
        "System.WorkItemType": "User Story",
        "System.State": "New",
        "System.Reason": "New",
        "System.CreatedDate": "2021-11-10T10:17:50.59Z",
        "System.CreatedBy": "Sean O'Brien <Sean.O'Brien@clouddirect.net>",
        "System.ChangedDate": "2021-11-10T12:40:33.843Z",
        "System.ChangedBy": "Sean O'Brien <Sean.O'Brien@clouddirect.net>",
        "System.Title": "Manage",
        "Microsoft.VSTS.Scheduling.Effort": 0.0,
        "System.Description": "Manage",
        "System.AssignedTo": null,
        "Microsoft.VSTS.Scheduling.RemainingWork": 0.0,
        "Microsoft.VSTS.Common.Priority": 2.0,
        "System.BoardLane": null,
        "System.Tags": null,
        "Microsoft.VSTS.TCM.Steps": null,
        "Microsoft.VSTS.TCM.Parameters": null,
        "Microsoft.VSTS.TCM.LocalDataSource": null,
        "Microsoft.VSTS.TCM.AutomationStatus": null,
        "System.History": null
      },
      "relations": [
        {
          "rel": "System.LinkTypes.Hierarchy-Forward",
          "url": "https://dev.azure.com/SeanOBrien0625/_apis/wit/workItems/111",
          "attributes": {
            "isLocked": "false",
            "comment": "Making a new link for the dependency",
            "name": "Child"
          }
        },
        {
          "rel": "System.LinkTypes.Hierarchy-Forward",
          "url": "https://dev.azure.com/SeanOBrien0625/_apis/wit/workItems/112",
          "attributes": {
            "isLocked": "false",
            "comment": "Making a new link for the dependency",
            "name": "Child"
          }
        },
        {
          "rel": "System.LinkTypes.Hierarchy-Reverse",
          "url": "https://dev.azure.com/SeanOBrien0625/_apis/wit/workItems/98",
          "attributes": {
            "isLocked": "false",
            "comment": "Making a new link for the dependency",
            "name": "Parent"
          }
        },
        {
          "rel": "System.LinkTypes.Hierarchy-Forward",
          "url": "https://dev.azure.com/SeanOBrien0625/_apis/wit/workItems/110",
          "attributes": {
            "isLocked": "false",
            "comment": "Making a new link for the dependency",
            "name": "Child"
          }
        },
        {
          "rel": "System.LinkTypes.Hierarchy-Forward",
          "url": "https://dev.azure.com/SeanOBrien0625/_apis/wit/workItems/113",
          "attributes": {
            "isLocked": "false",
            "comment": "Making a new link for the dependency",
            "name": "Child"
          }
        }
      ],
      "url": "https://dev.azure.com/SeanOBrien0625/_apis/wit/workItems/162"
    },
    {
      "id": 163,
      "rev": 2,
      "fields": {
        "System.AreaPath": "Server Migration",
        "System.TeamProject": "Server Migration",
        "System.IterationPath": "Server Migration",
        "System.WorkItemType": "User Story",
        "System.State": "New",
        "System.Reason": "New",
        "System.CreatedDate": "2021-11-10T10:17:50.84Z",
        "System.CreatedBy": "Sean O'Brien <Sean.O'Brien@clouddirect.net>",
        "System.ChangedDate": "2021-11-10T12:40:32.703Z",
        "System.ChangedBy": "Sean O'Brien <Sean.O'Brien@clouddirect.net>",
        "System.Title": "Govern",
        "Microsoft.VSTS.Scheduling.Effort": 0.0,
        "System.Description": "Govern",
        "System.AssignedTo": null,
        "Microsoft.VSTS.Scheduling.RemainingWork": 0.0,
        "Microsoft.VSTS.Common.Priority": 2.0,
        "System.BoardLane": null,
        "System.Tags": null,
        "Microsoft.VSTS.TCM.Steps": null,
        "Microsoft.VSTS.TCM.Parameters": null,
        "Microsoft.VSTS.TCM.LocalDataSource": null,
        "Microsoft.VSTS.TCM.AutomationStatus": null,
        "System.History": null
      },
      "relations": [
        {
          "rel": "System.LinkTypes.Hierarchy-Reverse",
          "url": "https://dev.azure.com/SeanOBrien0625/_apis/wit/workItems/99",
          "attributes": {
            "isLocked": "false",
            "comment": "Making a new link for the dependency",
            "name": "Parent"
          }
        },
        {
          "rel": "System.LinkTypes.Hierarchy-Forward",
          "url": "https://dev.azure.com/SeanOBrien0625/_apis/wit/workItems/116",
          "attributes": {
            "isLocked": "false",
            "comment": "Making a new link for the dependency",
            "name": "Child"
          }
        },
        {
          "rel": "System.LinkTypes.Hierarchy-Forward",
          "url": "https://dev.azure.com/SeanOBrien0625/_apis/wit/workItems/114",
          "attributes": {
            "isLocked": "false",
            "comment": "Making a new link for the dependency",
            "name": "Child"
          }
        },
        {
          "rel": "System.LinkTypes.Hierarchy-Forward",
          "url": "https://dev.azure.com/SeanOBrien0625/_apis/wit/workItems/115",
          "attributes": {
            "isLocked": "false",
            "comment": "Making a new link for the dependency",
            "name": "Child"
          }
        }
      ],
      "url": "https://dev.azure.com/SeanOBrien0625/_apis/wit/workItems/163"
    },
    {
      "id": 164,
      "rev": 2,
      "fields": {
        "System.AreaPath": "Server Migration",
        "System.TeamProject": "Server Migration",
        "System.IterationPath": "Server Migration",
        "System.WorkItemType": "User Story",
        "System.State": "New",
        "System.Reason": "New",
        "System.CreatedDate": "2021-11-10T10:17:51.07Z",
        "System.CreatedBy": "Sean O'Brien <Sean.O'Brien@clouddirect.net>",
        "System.ChangedDate": "2021-11-10T12:40:31.02Z",
        "System.ChangedBy": "Sean O'Brien <Sean.O'Brien@clouddirect.net>",
        "System.Title": "Server Migration Transition",
        "Microsoft.VSTS.Scheduling.Effort": 0.0,
        "System.Description": "Server Migration Transition",
        "System.AssignedTo": null,
        "Microsoft.VSTS.Scheduling.RemainingWork": 0.0,
        "Microsoft.VSTS.Common.Priority": 2.0,
        "System.BoardLane": null,
        "System.Tags": null,
        "Microsoft.VSTS.TCM.Steps": null,
        "Microsoft.VSTS.TCM.Parameters": null,
        "Microsoft.VSTS.TCM.LocalDataSource": null,
        "Microsoft.VSTS.TCM.AutomationStatus": null,
        "System.History": null
      },
      "relations": [
        {
          "rel": "System.LinkTypes.Hierarchy-Forward",
          "url": "https://dev.azure.com/SeanOBrien0625/_apis/wit/workItems/117",
          "attributes": {
            "isLocked": "false",
            "comment": "Making a new link for the dependency",
            "name": "Child"
          }
        },
        {
          "rel": "System.LinkTypes.Hierarchy-Forward",
          "url": "https://dev.azure.com/SeanOBrien0625/_apis/wit/workItems/119",
          "attributes": {
            "isLocked": "false",
            "comment": "Making a new link for the dependency",
            "name": "Child"
          }
        },
        {
          "rel": "System.LinkTypes.Hierarchy-Reverse",
          "url": "https://dev.azure.com/SeanOBrien0625/_apis/wit/workItems/99",
          "attributes": {
            "isLocked": "false",
            "comment": "Making a new link for the dependency",
            "name": "Parent"
          }
        },
        {
          "rel": "System.LinkTypes.Hierarchy-Forward",
          "url": "https://dev.azure.com/SeanOBrien0625/_apis/wit/workItems/118",
          "attributes": {
            "isLocked": "false",
            "comment": "Making a new link for the dependency",
            "name": "Child"
          }
        }
      ],
      "url": "https://dev.azure.com/SeanOBrien0625/_apis/wit/workItems/164"
    },
    {
      "id": 165,
      "rev": 2,
      "fields": {
        "System.AreaPath": "Server Migration",
        "System.TeamProject": "Server Migration",
        "System.IterationPath": "Server Migration",
        "System.WorkItemType": "User Story",
        "System.State": "New",
        "System.Reason": "New",
        "System.CreatedDate": "2021-11-10T10:17:51.327Z",
        "System.CreatedBy": "Sean O'Brien <Sean.O'Brien@clouddirect.net>",
        "System.ChangedDate": "2021-11-10T12:40:29.46Z",
        "System.ChangedBy": "Sean O'Brien <Sean.O'Brien@clouddirect.net>",
        "System.Title": "Migration of VMware to Azure",
        "Microsoft.VSTS.Scheduling.Effort": 0.0,
        "System.Description": "Migration of VMware to Azure",
        "System.AssignedTo": null,
        "Microsoft.VSTS.Scheduling.RemainingWork": 0.0,
        "Microsoft.VSTS.Common.Priority": 2.0,
        "System.BoardLane": null,
        "System.Tags": null,
        "Microsoft.VSTS.TCM.Steps": null,
        "Microsoft.VSTS.TCM.Parameters": null,
        "Microsoft.VSTS.TCM.LocalDataSource": null,
        "Microsoft.VSTS.TCM.AutomationStatus": null,
        "System.History": null
      },
      "relations": [
        {
          "rel": "System.LinkTypes.Hierarchy-Forward",
          "url": "https://dev.azure.com/SeanOBrien0625/_apis/wit/workItems/124",
          "attributes": {
            "isLocked": "false",
            "comment": "Making a new link for the dependency",
            "name": "Child"
          }
        },
        {
          "rel": "System.LinkTypes.Hierarchy-Forward",
          "url": "https://dev.azure.com/SeanOBrien0625/_apis/wit/workItems/121",
          "attributes": {
            "isLocked": "false",
            "comment": "Making a new link for the dependency",
            "name": "Child"
          }
        },
        {
          "rel": "System.LinkTypes.Hierarchy-Reverse",
          "url": "https://dev.azure.com/SeanOBrien0625/_apis/wit/workItems/100",
          "attributes": {
            "isLocked": "false",
            "comment": "Making a new link for the dependency",
            "name": "Parent"
          }
        },
        {
          "rel": "System.LinkTypes.Hierarchy-Forward",
          "url": "https://dev.azure.com/SeanOBrien0625/_apis/wit/workItems/120",
          "attributes": {
            "isLocked": "false",
            "comment": "Making a new link for the dependency",
            "name": "Child"
          }
        },
        {
          "rel": "System.LinkTypes.Hierarchy-Forward",
          "url": "https://dev.azure.com/SeanOBrien0625/_apis/wit/workItems/123",
          "attributes": {
            "isLocked": "false",
            "comment": "Making a new link for the dependency",
            "name": "Child"
          }
        },
        {
          "rel": "System.LinkTypes.Hierarchy-Forward",
          "url": "https://dev.azure.com/SeanOBrien0625/_apis/wit/workItems/122",
          "attributes": {
            "isLocked": "false",
            "comment": "Making a new link for the dependency",
            "name": "Child"
          }
        }
      ],
      "url": "https://dev.azure.com/SeanOBrien0625/_apis/wit/workItems/165"
    },
    {
      "id": 166,
      "rev": 2,
      "fields": {
        "System.AreaPath": "Server Migration",
        "System.TeamProject": "Server Migration",
        "System.IterationPath": "Server Migration",
        "System.WorkItemType": "User Story",
        "System.State": "New",
        "System.Reason": "New",
        "System.CreatedDate": "2021-11-10T10:17:51.6Z",
        "System.CreatedBy": "Sean O'Brien <Sean.O'Brien@clouddirect.net>",
        "System.ChangedDate": "2021-11-10T12:40:27.497Z",
        "System.ChangedBy": "Sean O'Brien <Sean.O'Brien@clouddirect.net>",
        "System.Title": "Migration of Hyper-V to Azure",
        "Microsoft.VSTS.Scheduling.Effort": 0.0,
        "System.Description": "Migration of Hyper-V to Azure",
        "System.AssignedTo": null,
        "Microsoft.VSTS.Scheduling.RemainingWork": 0.0,
        "Microsoft.VSTS.Common.Priority": 2.0,
        "System.BoardLane": null,
        "System.Tags": null,
        "Microsoft.VSTS.TCM.Steps": null,
        "Microsoft.VSTS.TCM.Parameters": null,
        "Microsoft.VSTS.TCM.LocalDataSource": null,
        "Microsoft.VSTS.TCM.AutomationStatus": null,
        "System.History": null
      },
      "relations": [
        {
          "rel": "System.LinkTypes.Hierarchy-Forward",
          "url": "https://dev.azure.com/SeanOBrien0625/_apis/wit/workItems/127",
          "attributes": {
            "isLocked": "false",
            "comment": "Making a new link for the dependency",
            "name": "Child"
          }
        },
        {
          "rel": "System.LinkTypes.Hierarchy-Forward",
          "url": "https://dev.azure.com/SeanOBrien0625/_apis/wit/workItems/128",
          "attributes": {
            "isLocked": "false",
            "comment": "Making a new link for the dependency",
            "name": "Child"
          }
        },
        {
          "rel": "System.LinkTypes.Hierarchy-Forward",
          "url": "https://dev.azure.com/SeanOBrien0625/_apis/wit/workItems/125",
          "attributes": {
            "isLocked": "false",
            "comment": "Making a new link for the dependency",
            "name": "Child"
          }
        },
        {
          "rel": "System.LinkTypes.Hierarchy-Forward",
          "url": "https://dev.azure.com/SeanOBrien0625/_apis/wit/workItems/126",
          "attributes": {
            "isLocked": "false",
            "comment": "Making a new link for the dependency",
            "name": "Child"
          }
        },
        {
          "rel": "System.LinkTypes.Hierarchy-Reverse",
          "url": "https://dev.azure.com/SeanOBrien0625/_apis/wit/workItems/100",
          "attributes": {
            "isLocked": "false",
            "comment": "Making a new link for the dependency",
            "name": "Parent"
          }
        }
      ],
      "url": "https://dev.azure.com/SeanOBrien0625/_apis/wit/workItems/166"
    },
    {
      "id": 167,
      "rev": 2,
      "fields": {
        "System.AreaPath": "Server Migration",
        "System.TeamProject": "Server Migration",
        "System.IterationPath": "Server Migration",
        "System.WorkItemType": "User Story",
        "System.State": "New",
        "System.Reason": "New",
        "System.CreatedDate": "2021-11-10T10:17:51.853Z",
        "System.CreatedBy": "Sean O'Brien <Sean.O'Brien@clouddirect.net>",
        "System.ChangedDate": "2021-11-10T12:40:25.657Z",
        "System.ChangedBy": "Sean O'Brien <Sean.O'Brien@clouddirect.net>",
        "System.Title": "Migration of On-Prem to Azure",
        "Microsoft.VSTS.Scheduling.Effort": 0.0,
        "System.Description": "Migration of On-Prem to Azure",
        "System.AssignedTo": null,
        "Microsoft.VSTS.Scheduling.RemainingWork": 0.0,
        "Microsoft.VSTS.Common.Priority": 2.0,
        "System.BoardLane": null,
        "System.Tags": null,
        "Microsoft.VSTS.TCM.Steps": null,
        "Microsoft.VSTS.TCM.Parameters": null,
        "Microsoft.VSTS.TCM.LocalDataSource": null,
        "Microsoft.VSTS.TCM.AutomationStatus": null,
        "System.History": null
      },
      "relations": [
        {
          "rel": "System.LinkTypes.Hierarchy-Forward",
          "url": "https://dev.azure.com/SeanOBrien0625/_apis/wit/workItems/129",
          "attributes": {
            "isLocked": "false",
            "comment": "Making a new link for the dependency",
            "name": "Child"
          }
        },
        {
          "rel": "System.LinkTypes.Hierarchy-Forward",
          "url": "https://dev.azure.com/SeanOBrien0625/_apis/wit/workItems/132",
          "attributes": {
            "isLocked": "false",
            "comment": "Making a new link for the dependency",
            "name": "Child"
          }
        },
        {
          "rel": "System.LinkTypes.Hierarchy-Reverse",
          "url": "https://dev.azure.com/SeanOBrien0625/_apis/wit/workItems/100",
          "attributes": {
            "isLocked": "false",
            "comment": "Making a new link for the dependency",
            "name": "Parent"
          }
        },
        {
          "rel": "System.LinkTypes.Hierarchy-Forward",
          "url": "https://dev.azure.com/SeanOBrien0625/_apis/wit/workItems/130",
          "attributes": {
            "isLocked": "false",
            "comment": "Making a new link for the dependency",
            "name": "Child"
          }
        },
        {
          "rel": "System.LinkTypes.Hierarchy-Forward",
          "url": "https://dev.azure.com/SeanOBrien0625/_apis/wit/workItems/131",
          "attributes": {
            "isLocked": "false",
            "comment": "Making a new link for the dependency",
            "name": "Child"
          }
        }
      ],
      "url": "https://dev.azure.com/SeanOBrien0625/_apis/wit/workItems/167"
    },
    {
      "id": 168,
      "rev": 2,
      "fields": {
        "System.AreaPath": "Server Migration",
        "System.TeamProject": "Server Migration",
        "System.IterationPath": "Server Migration",
        "System.WorkItemType": "User Story",
        "System.State": "New",
        "System.Reason": "New",
        "System.CreatedDate": "2021-11-10T10:17:52.097Z",
        "System.CreatedBy": "Sean O'Brien <Sean.O'Brien@clouddirect.net>",
        "System.ChangedDate": "2021-11-10T12:40:23.233Z",
        "System.ChangedBy": "Sean O'Brien <Sean.O'Brien@clouddirect.net>",
        "System.Title": "Adopt-Migrate",
        "Microsoft.VSTS.Scheduling.Effort": 0.0,
        "System.Description": "Adopt-Migrate",
        "System.AssignedTo": null,
        "Microsoft.VSTS.Scheduling.RemainingWork": 0.0,
        "Microsoft.VSTS.Common.Priority": 2.0,
        "System.BoardLane": null,
        "System.Tags": null,
        "Microsoft.VSTS.TCM.Steps": null,
        "Microsoft.VSTS.TCM.Parameters": null,
        "Microsoft.VSTS.TCM.LocalDataSource": null,
        "Microsoft.VSTS.TCM.AutomationStatus": null,
        "System.History": null
      },
      "relations": [
        {
          "rel": "System.LinkTypes.Hierarchy-Forward",
          "url": "https://dev.azure.com/SeanOBrien0625/_apis/wit/workItems/134",
          "attributes": {
            "isLocked": "false",
            "comment": "Making a new link for the dependency",
            "name": "Child"
          }
        },
        {
          "rel": "System.LinkTypes.Hierarchy-Forward",
          "url": "https://dev.azure.com/SeanOBrien0625/_apis/wit/workItems/133",
          "attributes": {
            "isLocked": "false",
            "comment": "Making a new link for the dependency",
            "name": "Child"
          }
        },
        {
          "rel": "System.LinkTypes.Hierarchy-Reverse",
          "url": "https://dev.azure.com/SeanOBrien0625/_apis/wit/workItems/100",
          "attributes": {
            "isLocked": "false",
            "comment": "Making a new link for the dependency",
            "name": "Parent"
          }
        },
        {
          "rel": "System.LinkTypes.Hierarchy-Forward",
          "url": "https://dev.azure.com/SeanOBrien0625/_apis/wit/workItems/135",
          "attributes": {
            "isLocked": "false",
            "comment": "Making a new link for the dependency",
            "name": "Child"
          }
        },
        {
          "rel": "System.LinkTypes.Hierarchy-Forward",
          "url": "https://dev.azure.com/SeanOBrien0625/_apis/wit/workItems/136",
          "attributes": {
            "isLocked": "false",
            "comment": "Making a new link for the dependency",
            "name": "Child"
          }
        },
        {
          "rel": "System.LinkTypes.Hierarchy-Forward",
          "url": "https://dev.azure.com/SeanOBrien0625/_apis/wit/workItems/137",
          "attributes": {
            "isLocked": "false",
            "comment": "Making a new link for the dependency",
            "name": "Child"
          }
        }
      ],
      "url": "https://dev.azure.com/SeanOBrien0625/_apis/wit/workItems/168"
    },
    {
      "id": 169,
      "rev": 2,
      "fields": {
        "System.AreaPath": "Server Migration",
        "System.TeamProject": "Server Migration",
        "System.IterationPath": "Server Migration",
        "System.WorkItemType": "User Story",
        "System.State": "New",
        "System.Reason": "New",
        "System.CreatedDate": "2021-11-10T10:17:52.727Z",
        "System.CreatedBy": "Sean O'Brien <Sean.O'Brien@clouddirect.net>",
        "System.ChangedDate": "2021-11-10T12:40:21.35Z",
        "System.ChangedBy": "Sean O'Brien <Sean.O'Brien@clouddirect.net>",
        "System.Title": "Server Migration Pre-Configuration",
        "Microsoft.VSTS.Scheduling.Effort": 0.0,
        "System.Description": "Server Migration Pre-Configuration",
        "System.AssignedTo": null,
        "Microsoft.VSTS.Scheduling.RemainingWork": 0.0,
        "Microsoft.VSTS.Common.Priority": 2.0,
        "System.BoardLane": null,
        "System.Tags": null,
        "Microsoft.VSTS.TCM.Steps": null,
        "Microsoft.VSTS.TCM.Parameters": null,
        "Microsoft.VSTS.TCM.LocalDataSource": null,
        "Microsoft.VSTS.TCM.AutomationStatus": null,
        "System.History": null
      },
      "relations": [
        {
          "rel": "System.LinkTypes.Hierarchy-Forward",
          "url": "https://dev.azure.com/SeanOBrien0625/_apis/wit/workItems/145",
          "attributes": {
            "isLocked": "false",
            "comment": "Making a new link for the dependency",
            "name": "Child"
          }
        },
        {
          "rel": "System.LinkTypes.Hierarchy-Forward",
          "url": "https://dev.azure.com/SeanOBrien0625/_apis/wit/workItems/138",
          "attributes": {
            "isLocked": "false",
            "comment": "Making a new link for the dependency",
            "name": "Child"
          }
        },
        {
          "rel": "System.LinkTypes.Hierarchy-Forward",
          "url": "https://dev.azure.com/SeanOBrien0625/_apis/wit/workItems/143",
          "attributes": {
            "isLocked": "false",
            "comment": "Making a new link for the dependency",
            "name": "Child"
          }
        },
        {
          "rel": "System.LinkTypes.Hierarchy-Forward",
          "url": "https://dev.azure.com/SeanOBrien0625/_apis/wit/workItems/146",
          "attributes": {
            "isLocked": "false",
            "comment": "Making a new link for the dependency",
            "name": "Child"
          }
        },
        {
          "rel": "System.LinkTypes.Hierarchy-Forward",
          "url": "https://dev.azure.com/SeanOBrien0625/_apis/wit/workItems/140",
          "attributes": {
            "isLocked": "false",
            "comment": "Making a new link for the dependency",
            "name": "Child"
          }
        },
        {
          "rel": "System.LinkTypes.Hierarchy-Forward",
          "url": "https://dev.azure.com/SeanOBrien0625/_apis/wit/workItems/139",
          "attributes": {
            "isLocked": "false",
            "comment": "Making a new link for the dependency",
            "name": "Child"
          }
        },
        {
          "rel": "System.LinkTypes.Hierarchy-Forward",
          "url": "https://dev.azure.com/SeanOBrien0625/_apis/wit/workItems/142",
          "attributes": {
            "isLocked": "false",
            "comment": "Making a new link for the dependency",
            "name": "Child"
          }
        },
        {
          "rel": "System.LinkTypes.Hierarchy-Forward",
          "url": "https://dev.azure.com/SeanOBrien0625/_apis/wit/workItems/144",
          "attributes": {
            "isLocked": "false",
            "comment": "Making a new link for the dependency",
            "name": "Child"
          }
        },
        {
          "rel": "System.LinkTypes.Hierarchy-Forward",
          "url": "https://dev.azure.com/SeanOBrien0625/_apis/wit/workItems/141",
          "attributes": {
            "isLocked": "false",
            "comment": "Making a new link for the dependency",
            "name": "Child"
          }
        },
        {
          "rel": "System.LinkTypes.Hierarchy-Forward",
          "url": "https://dev.azure.com/SeanOBrien0625/_apis/wit/workItems/147",
          "attributes": {
            "isLocked": "false",
            "comment": "Making a new link for the dependency",
            "name": "Child"
          }
        },
        {
          "rel": "System.LinkTypes.Hierarchy-Reverse",
          "url": "https://dev.azure.com/SeanOBrien0625/_apis/wit/workItems/100",
          "attributes": {
            "isLocked": "false",
            "comment": "Making a new link for the dependency",
            "name": "Parent"
          }
        },
        {
          "rel": "System.LinkTypes.Hierarchy-Forward",
          "url": "https://dev.azure.com/SeanOBrien0625/_apis/wit/workItems/148",
          "attributes": {
            "isLocked": "false",
            "comment": "Making a new link for the dependency",
            "name": "Child"
          }
        }
      ],
      "url": "https://dev.azure.com/SeanOBrien0625/_apis/wit/workItems/169"
    },
    {
      "id": 170,
      "rev": 2,
      "fields": {
        "System.AreaPath": "Server Migration",
        "System.TeamProject": "Server Migration",
        "System.IterationPath": "Server Migration",
        "System.WorkItemType": "User Story",
        "System.State": "New",
        "System.Reason": "New",
        "System.CreatedDate": "2021-11-10T10:17:53Z",
        "System.CreatedBy": "Sean O'Brien <Sean.O'Brien@clouddirect.net>",
        "System.ChangedDate": "2021-11-10T12:40:19.007Z",
        "System.ChangedBy": "Sean O'Brien <Sean.O'Brien@clouddirect.net>",
        "System.Title": "Cloud Assessment",
        "Microsoft.VSTS.Scheduling.Effort": 0.0,
        "System.Description": "Cloud Assessment",
        "System.AssignedTo": null,
        "Microsoft.VSTS.Scheduling.RemainingWork": 0.0,
        "Microsoft.VSTS.Common.Priority": 2.0,
        "System.BoardLane": null,
        "System.Tags": null,
        "Microsoft.VSTS.TCM.Steps": null,
        "Microsoft.VSTS.TCM.Parameters": null,
        "Microsoft.VSTS.TCM.LocalDataSource": null,
        "Microsoft.VSTS.TCM.AutomationStatus": null,
        "System.History": null
      },
      "relations": [
        {
          "rel": "System.LinkTypes.Hierarchy-Forward",
          "url": "https://dev.azure.com/SeanOBrien0625/_apis/wit/workItems/152",
          "attributes": {
            "isLocked": "false",
            "comment": "Making a new link for the dependency",
            "name": "Child"
          }
        },
        {
          "rel": "System.LinkTypes.Hierarchy-Forward",
          "url": "https://dev.azure.com/SeanOBrien0625/_apis/wit/workItems/150",
          "attributes": {
            "isLocked": "false",
            "comment": "Making a new link for the dependency",
            "name": "Child"
          }
        },
        {
          "rel": "System.LinkTypes.Hierarchy-Reverse",
          "url": "https://dev.azure.com/SeanOBrien0625/_apis/wit/workItems/101",
          "attributes": {
            "isLocked": "false",
            "comment": "Making a new link for the dependency",
            "name": "Parent"
          }
        },
        {
          "rel": "System.LinkTypes.Hierarchy-Forward",
          "url": "https://dev.azure.com/SeanOBrien0625/_apis/wit/workItems/151",
          "attributes": {
            "isLocked": "false",
            "comment": "Making a new link for the dependency",
            "name": "Child"
          }
        },
        {
          "rel": "System.LinkTypes.Hierarchy-Forward",
          "url": "https://dev.azure.com/SeanOBrien0625/_apis/wit/workItems/153",
          "attributes": {
            "isLocked": "false",
            "comment": "Making a new link for the dependency",
            "name": "Child"
          }
        },
        {
          "rel": "System.LinkTypes.Hierarchy-Forward",
          "url": "https://dev.azure.com/SeanOBrien0625/_apis/wit/workItems/149",
          "attributes": {
            "isLocked": "false",
            "comment": "Making a new link for the dependency",
            "name": "Child"
          }
        }
      ],
      "url": "https://dev.azure.com/SeanOBrien0625/_apis/wit/workItems/170"
    },
    {
      "id": 171,
      "rev": 2,
      "fields": {
        "System.AreaPath": "Server Migration",
        "System.TeamProject": "Server Migration",
        "System.IterationPath": "Server Migration",
        "System.WorkItemType": "User Story",
        "System.State": "New",
        "System.Reason": "New",
        "System.CreatedDate": "2021-11-10T10:17:53.267Z",
        "System.CreatedBy": "Sean O'Brien <Sean.O'Brien@clouddirect.net>",
        "System.ChangedDate": "2021-11-10T12:40:17.093Z",
        "System.ChangedBy": "Sean O'Brien <Sean.O'Brien@clouddirect.net>",
        "System.Title": "CAF Server Migration Design",
        "Microsoft.VSTS.Scheduling.Effort": 0.0,
        "System.Description": "CAF Server Migration Design",
        "System.AssignedTo": null,
        "Microsoft.VSTS.Scheduling.RemainingWork": 0.0,
        "Microsoft.VSTS.Common.Priority": 2.0,
        "System.BoardLane": null,
        "System.Tags": null,
        "Microsoft.VSTS.TCM.Steps": null,
        "Microsoft.VSTS.TCM.Parameters": null,
        "Microsoft.VSTS.TCM.LocalDataSource": null,
        "Microsoft.VSTS.TCM.AutomationStatus": null,
        "System.History": null
      },
      "relations": [
        {
          "rel": "System.LinkTypes.Hierarchy-Forward",
          "url": "https://dev.azure.com/SeanOBrien0625/_apis/wit/workItems/155",
          "attributes": {
            "isLocked": "false",
            "comment": "Making a new link for the dependency",
            "name": "Child"
          }
        },
        {
          "rel": "System.LinkTypes.Hierarchy-Reverse",
          "url": "https://dev.azure.com/SeanOBrien0625/_apis/wit/workItems/101",
          "attributes": {
            "isLocked": "false",
            "comment": "Making a new link for the dependency",
            "name": "Parent"
          }
        },
        {
          "rel": "System.LinkTypes.Hierarchy-Forward",
          "url": "https://dev.azure.com/SeanOBrien0625/_apis/wit/workItems/154",
          "attributes": {
            "isLocked": "false",
            "comment": "Making a new link for the dependency",
            "name": "Child"
          }
        },
        {
          "rel": "System.LinkTypes.Hierarchy-Forward",
          "url": "https://dev.azure.com/SeanOBrien0625/_apis/wit/workItems/156",
          "attributes": {
            "isLocked": "false",
            "comment": "Making a new link for the dependency",
            "name": "Child"
          }
        },
        {
          "rel": "System.LinkTypes.Hierarchy-Forward",
          "url": "https://dev.azure.com/SeanOBrien0625/_apis/wit/workItems/157",
          "attributes": {
            "isLocked": "false",
            "comment": "Making a new link for the dependency",
            "name": "Child"
          }
        }
      ],
      "url": "https://dev.azure.com/SeanOBrien0625/_apis/wit/workItems/171"
    },
    {
      "id": 172,
      "rev": 2,
      "fields": {
        "System.AreaPath": "Server Migration",
        "System.TeamProject": "Server Migration",
        "System.IterationPath": "Server Migration",
        "System.WorkItemType": "User Story",
        "System.State": "New",
        "System.Reason": "New",
        "System.CreatedDate": "2021-11-10T10:17:53.513Z",
        "System.CreatedBy": "Sean O'Brien <Sean.O'Brien@clouddirect.net>",
        "System.ChangedDate": "2021-11-10T12:40:14.24Z",
        "System.ChangedBy": "Sean O'Brien <Sean.O'Brien@clouddirect.net>",
        "System.Title": "Define Strategy",
        "Microsoft.VSTS.Scheduling.Effort": 0.0,
        "System.Description": "Define Strategy",
        "System.AssignedTo": null,
        "Microsoft.VSTS.Scheduling.RemainingWork": 0.0,
        "Microsoft.VSTS.Common.Priority": 2.0,
        "System.BoardLane": null,
        "System.Tags": null,
        "Microsoft.VSTS.TCM.Steps": null,
        "Microsoft.VSTS.TCM.Parameters": null,
        "Microsoft.VSTS.TCM.LocalDataSource": null,
        "Microsoft.VSTS.TCM.AutomationStatus": null,
        "System.History": null
      },
      "relations": [
        {
          "rel": "System.LinkTypes.Hierarchy-Reverse",
          "url": "https://dev.azure.com/SeanOBrien0625/_apis/wit/workItems/101",
          "attributes": {
            "isLocked": "false",
            "comment": "Making a new link for the dependency",
            "name": "Parent"
          }
        },
        {
          "rel": "System.LinkTypes.Hierarchy-Forward",
          "url": "https://dev.azure.com/SeanOBrien0625/_apis/wit/workItems/159",
          "attributes": {
            "isLocked": "false",
            "comment": "Making a new link for the dependency",
            "name": "Child"
          }
        },
        {
          "rel": "System.LinkTypes.Hierarchy-Forward",
          "url": "https://dev.azure.com/SeanOBrien0625/_apis/wit/workItems/158",
          "attributes": {
            "isLocked": "false",
            "comment": "Making a new link for the dependency",
            "name": "Child"
          }
        }
      ],
      "url": "https://dev.azure.com/SeanOBrien0625/_apis/wit/workItems/172"
    }
  ],
  "HttpStatusCode": 0,
  "Message": null
}